name,erb_name,erb_url,england_region,region
North East,North East Automotive Alliance (NEAA) Limited,https://nelsip.com/,North East,
Tees Valley,North East England Chamber of Commerce,https://www.necc.co.uk/policy-knowledge/lsip.html,North East,
Cheshire and Warrington,South and North Cheshire Chamber of Commerce,https://sccci.co.uk/local-skills-improvement-plan/,North West,cheshire-warrington
Cumbria,Cumbria Chamber of Commerce,https://www.cumbriachamber.co.uk/local-skills-improvement-plan-lsip,North West,cumbria
Greater Manchester,Greater Manchester Chamber of Commerce,https://www.gmchamber.co.uk/gmlsip,North West,greater-manchester
Lancashire,North and Western Lancashire Chamber of Commerce,https://www.lancashirelsip.co.uk,North West,lancashire
Liverpool City Region,Liverpool Chamber of Commerce,https://www.liverpoolchamber.org.uk/local-skills-improvement-plan/,North West,liverpool-city-region
Hull and East Yorkshire,Hull and Humber Chamber of Commerce,https://www.heylsip.com,Yorkshire and the Humber,
South Yorkshire,Doncaster Chamber of Commerce,https://www.doncaster-chamber.co.uk/membership-services/policy/lsip/,Yorkshire and the Humber,
West Yorkshire,West and North Yorkshire Chamber of Commerce,https://www.wnychamber.co.uk/local-skills-improvement-plan/,Yorkshire and the Humber,
York and North Yorkshire,West and North Yorkshire Chamber of Commerce,https://www.wnychamber.co.uk/local-skills-improvement-plan/,Yorkshire and the Humber,
East Midlands,Federation of Small Businesses,https://www.fsb.org.uk/local-government/lsip/east-midlands-lsip,East Midlands,
Greater Lincolnshire,Federation of Small Businesses,https://www.fsb.org.uk/local-government/lsip/greater-lincolnshire-lsip,East Midlands,
"Leicester, Leicestershire and Rutland",East Midlands Chamber of Commerce,https://www.emc-dnl.co.uk/services/leicestershire-local-skills-improvement-plan,East Midlands,
South-east Midlands,Northamptonshire Chamber of Commerce (incorporating Milton Keynes Chamber),https://www.northants-chamber.co.uk/who-we-are/local-skills-improvement-plans-lsip,East Midlands,
Stoke-on-Trent and Staffordshire,Staffordshire Chamber of Commerce and Industry,https://staffordshirechambers.co.uk/local-skills-improvement-plan/,West Midlands,
The Marches,Shropshire Chamber of Commerce,https://www.shropshire-chamber.co.uk/policy-advice/marches-local-skills-improvement-plan,West Midlands,
Warwickshire,Coventry and Warwickshire Chamber of Commerce,https://www.cw-chamber.co.uk/lsip/lsip-warwickshire,West Midlands,
West Midlands,Coventry and Warwickshire Chamber of Commerce,https://www.cw-chamber.co.uk/lsip/lsip-west-midlands/,West Midlands,
Worcestershire,Herefordshire and Worcestershire Chamber of Commerce,https://hwchamber.co.uk/local-skills-improvement-plans/,West Midlands,
Cambridgeshire and Peterborough,Cambridgeshire Chamber of Commerce,https://www.cambridgeshirechamber.co.uk/sectors/localskills,East of England,
Greater Essex,Essex Chambers of Commerce,https://www.essexchambers.co.uk/lsip/,East of England,
Hertfordshire,Hertfordshire Chamber of Commerce,https://www.hertschamber.com/lsip,East of England,
Norfolk and Suffolk,Norfolk Chambers of Commerce,https://nslsip.co.uk/,East of England,
Greater London,BusinessLDN,https://www.businessldn.co.uk/what-we-do/people/the-london-local-skills-improvement-plan,London,
Buckinghamshire,Buckinghamshire Business First,http://www.bbf.uk.com/buckinghamshire-local-skills-improvement-plan,South East,
Hampshire and Solent,Hampshire Chamber of Commerce,https://www.hampshirechamber.co.uk/hampshire-lsip-skills-channel,South East,
Kent and Medway,Kent Invicta Chamber of Commerce,https://kentemployerskillsplan.org/,South East,
Oxfordshire,Thames Valley Chamber of Commerce Group,http://www.oxfordshirelsip.co.uk/reports/,South East,
Surrey,Surrey Chambers of Commerce,https://www.surrey-chambers.co.uk/future-skills-hub/,South East,
Sussex and Brighton,Sussex Chamber of Commerce,https://www.futureskillssussex.co.uk/,South East,
Thames Valley Berkshire,Thames Valley Chamber of Commerce Group,https://www.berkshirelsip.co.uk/reports/,South East,
Cornwall and the Isles of Scilly,Federation of Small Businesses,https://www.fsb.org.uk/local-government/lsip/cornwall-and-the-isles-of-scilly-lsip,South West,
Dorset,Dorset Chamber of Commerce and Industry,https://dorsetchamber.co.uk/dorset-local-skills-improvement-plan-2026-2029,South West,
Gloucestershire,Business West Chambers of Commerce,https://www.businesswest.co.uk/advice-services/growing-a-business/local-skills-improvement-plans/gloucestershire-lsip,South West,
Greater Devon (comprised of part of the existing Heart of the South West LSIP),Devon Chamber of Commerce,https://greaterdevonlsip.co.uk,South West,
Somerset (comprised of part of the existing Heart of the South West LSIP),Business West Chambers of Commerce,https://www.businesswest.co.uk/advice-services/growing-a-business/local-skills-improvement-plans/somerset-lsip/,South West,
Swindon and Wiltshire,Business West Chambers of Commerce,https://www.businesswest.co.uk/advice-services/growing-a-business/local-skills-improvement-plans/swindon-wiltshire-lsip/,South West,
West of England and North Somerset,Business West Chambers of Commerce,https://www.businesswest.co.uk/advice-services/growing-a-business/local-skills-improvement-plans/west-of-england-north-somerset-lsip/,South West,
