subject,title,note
Mathematics,"Actuaries, economists and statisticians","A named priority occupation in Digital and Technologies and Life Sciences, still growing to 2030."
Mathematics,Finance and investment analysts and advisers,One of the fastest-growing priority roles in financial and professional services to 2030.
Mathematics,Data analysts,"A named Digital and Technologies priority occupation, projected to keep growing to 2030."
Mathematics,"IT business analysts, architects and systems designers","Projected to need 34,000 more people by 2030 across six priority sectors."
Further Mathematics,Aerospace engineers,"A priority occupation in Advanced Manufacturing and Defence, two Industrial Strategy growth sectors."
Further Mathematics,Cyber security professionals,"A named Defence and Digital and Technologies priority occupation, growing to 2030."
Further Mathematics,Programmers and software development professionals,"The single largest priority occupation nationally: 87,000 more jobs needed by 2030."
Further Mathematics,"Actuaries, economists and statisticians",A named priority occupation across Digital and Technologies and Life Sciences.
Statistics,Data analysts,"A named Digital and Technologies priority occupation, projected to grow to 2030."
Statistics,"Actuaries, economists and statisticians",Named a priority occupation in Digital and Technologies and Life Sciences.
Statistics,"IT business analysts, architects and systems designers","Set to need 34,000 more people nationally by 2030."
Statistics,Business and related research professionals,A Life Sciences priority occupation as data-led research expands.
Computer Science,Programmers and software development professionals,"The UK's single biggest priority occupation: 87,000 more jobs needed by 2030, across 7 of 10 key sectors."
Computer Science,"IT business analysts, architects and systems designers","Projected to need 34,000 more people nationally by 2030."
Computer Science,Cyber security professionals,"A named priority occupation in Defence and Digital and Technologies, growing to 2030."
Computer Science,IT managers,"Projected to need 31,000 more people nationally by 2030."
Biology,Biological scientists,"On the UK's Immigration Salary List, and a Life Sciences priority occupation to 2030."
Biology,Biochemists and biomedical scientists,"A priority occupation in Health and Life Sciences, +7,000 jobs needed by 2030."
Biology,Research and development (R&D) managers,"A Life Sciences priority occupation, +6,000 jobs needed nationally by 2030."
Biology,Quality assurance and regulatory professionals,A Digital and Technologies and Life Sciences priority occupation to 2030.
Chemistry,Chemical scientists,Nuclear-industry chemical scientists sit on the UK's Immigration Salary List for skilled workers.
Chemistry,Production managers and directors in manufacturing,"A priority occupation in Clean Energy, Advanced Manufacturing and Life Sciences, +11,000 by 2030."
Chemistry,Quality assurance and regulatory professionals,A Digital and Technologies and Life Sciences priority occupation to 2030.
Chemistry,Chemical and related process operatives,A named Life Sciences priority occupation as production scales up.
Physics,Physical scientists,"A priority occupation across Defence, Digital and Technologies and Life Sciences, +5,000 by 2030."
Physics,Electronics engineers,"Needed across Clean Energy, Advanced Manufacturing, Defence and Digital and Technologies."
Physics,Research and development (R&D) managers,"A Digital and Technologies and Life Sciences priority occupation, +6,000 by 2030."
Physics,Cyber security professionals,"A named Defence and Digital and Technologies priority occupation, growing to 2030."
Applied Science,Laboratory technicians,On the UK's shortage-facing Immigration Salary List and a Life Sciences priority occupation.
Applied Science,Pharmaceutical technicians,Listed on the UK's Immigration Salary List for skilled worker visas.
Applied Science,"Science, engineering and production technicians n.e.c.",A Digital and Technologies priority occupation to 2030.
Applied Science,Quality assurance and regulatory professionals,A Digital and Technologies and Life Sciences priority occupation to 2030.
Environmental Science,Environment professionals,A named Housebuilding priority occupation as green construction expands.
Environmental Science,Conservation professionals,A named Housebuilding priority occupation to 2030.
Environmental Science,Civil engineers,"Needed across Clean Energy, Defence, Housebuilding and Professional & Business Services, +12,000 by 2030."
Environmental Science,Quality assurance and regulatory professionals,A Digital and Technologies and Life Sciences priority occupation to 2030.
Psychology,Clinical psychologists,"NHS training places are expanding by more than a quarter, to over 1,300 a year by 2031."
Psychology,Other psychologists,A named Health priority occupation as NHS psychological services expand.
Psychology,Psychotherapists and cognitive behaviour therapists,"Part of an NHS plan to train 15,000 more psychological therapists and practitioners."
Psychology,Social workers,"An Adult Social Care priority occupation, +12,000 jobs needed nationally by 2030."
Engineering,Mechanical engineers,"Needed across Clean Energy, Advanced Manufacturing and Defence, growing to 2030."
Engineering,Civil engineers,"Needed across Clean Energy, Defence, Housebuilding and Professional & Business Services, +12,000 by 2030."
Engineering,Electrical engineers,"A priority occupation in Clean Energy, Advanced Manufacturing, Defence and Digital and Technologies."
Engineering,Engineering professionals n.e.c.,"The broadest engineering priority category, +13,000 jobs needed nationally by 2030."
Design & Technology (Product Design),Graphic and multimedia designers,"On the UK's Immigration Salary List, and +14,000 jobs needed by 2030 (Creative Industries)."
Design & Technology (Product Design),"CAD, drawing and architectural technicians",A named Clean Energy and Housebuilding priority occupation to 2030.
Design & Technology (Product Design),Engineering technicians,"Needed across Clean Energy, Advanced Manufacturing, Defence and Digital and Technologies."
Design & Technology (Product Design),Interior designers,A named Creative Industries priority occupation to 2030.
Health & Social Care,Care workers and home carers,"The single largest priority occupation nationally: +90,000 jobs needed by 2030."
Health & Social Care,Senior care workers,"An Adult Social Care priority occupation, +12,000 jobs needed nationally by 2030."
Health & Social Care,Social workers,"An Adult Social Care priority occupation, +12,000 jobs needed nationally by 2030."
Health & Social Care,Registered mental health nurses,NHS training places for mental health nursing are set to rise sharply by 2031.
Construction & the Built Environment,Carpenters and joiners,"The largest single trades priority occupation: +25,000 jobs needed nationally by 2030."
Construction & the Built Environment,Bricklayers,"On the UK's Immigration Salary List, and a Clean Energy and Housebuilding priority occupation."
Construction & the Built Environment,Construction project managers and related professionals,"+11,000 jobs needed nationally by 2030 across Clean Energy and Housebuilding."
Construction & the Built Environment,Quantity surveyors,"+6,000 jobs needed nationally by 2030 across Clean Energy and Housebuilding."
Business Studies,Management consultants and business analysts,"A Professional & Business Services priority occupation, +7,000 jobs needed by 2030."
Business Studies,Marketing and commercial managers,Needed across Creative Industries and Professional & Business Services to 2030.
Business Studies,Business and financial project management professionals,A Life Sciences and Professional & Business Services priority occupation.
Business Studies,Human resource managers and directors,A named Professional & Business Services priority occupation to 2030.
Economics,Finance and investment analysts and advisers,"+14,000 jobs needed nationally by 2030 across Financial and Professional & Business Services."
Economics,"Actuaries, economists and statisticians",A named priority occupation in Digital and Technologies and Life Sciences.
Economics,Management consultants and business analysts,"A Professional & Business Services priority occupation, +7,000 jobs needed by 2030."
Economics,Business and related research professionals,A named Life Sciences priority occupation as economic research expands.
Accounting,Chartered and certified accountants,ICAEW says accountants remain in high demand even as AI reshapes the profession.
Accounting,Financial and accounting technicians,A named Financial Services priority occupation to 2030.
Accounting,"Book-keepers, payroll managers and wages clerks",A named Professional & Business Services priority occupation to 2030.
Accounting,Finance and investment analysts and advisers,"+14,000 jobs needed nationally by 2030 across Financial and Professional & Business Services."
Law,Solicitors and lawyers,"+8,000 jobs needed nationally by 2030, alongside fast-growing solicitor apprenticeship routes."
Law,Legal associate professionals,A named Professional & Business Services priority occupation to 2030.
Law,Management consultants and business analysts,"A Professional & Business Services priority occupation, +7,000 jobs needed by 2030."
Law,Human resources and industrial relations officers,A named Professional & Business Services priority occupation to 2030.
Geography,Environment professionals,A named Housebuilding priority occupation as green construction expands.
Geography,Conservation professionals,A named Housebuilding priority occupation to 2030.
Geography,Chartered surveyors,"+6,000 jobs needed nationally by 2030 in Housebuilding."
Geography,Civil engineers,"Needed across Clean Energy, Defence, Housebuilding and Professional & Business Services, +12,000 by 2030."
History,"Archivists, conservators and curators","A named Creative Industries priority occupation; heritage supports 559,000 UK jobs."
History,"Authors, writers and translators","+13,000 jobs needed nationally by 2030 (Creative Industries)."
History,"Newspaper, periodical and broadcast editors",A named Creative Industries priority occupation to 2030.
History,Legal associate professionals,A common conversion route for history graduates into professional services.
Politics,Management consultants and business analysts,"A Professional & Business Services priority occupation, +7,000 jobs needed by 2030."
Politics,Solicitors and lawyers,"+8,000 jobs needed nationally by 2030; a common law-conversion route for politics graduates."
Politics,Public relations professionals,"A named Creative Industries priority occupation, +4,000 jobs by 2030."
Politics,Human resources and industrial relations officers,A named Professional & Business Services priority occupation to 2030.
Sociology,Social services managers and directors,"An Adult Social Care priority occupation, +5,000 jobs needed nationally by 2030."
Sociology,Human resources and industrial relations officers,A named Professional & Business Services priority occupation to 2030.
Sociology,Care workers and home carers,"The single largest priority occupation nationally: +90,000 jobs needed by 2030."
Sociology,Management consultants and business analysts,A route into social research and policy analysis roles.
Philosophy,Solicitors and lawyers,"+8,000 jobs needed nationally by 2030; a common law-conversion route for philosophy graduates."
Philosophy,Management consultants and business analysts,"A Professional & Business Services priority occupation, +7,000 jobs needed by 2030."
Philosophy,Legal associate professionals,A named Professional & Business Services priority occupation to 2030.
Philosophy,Human resource managers and directors,A named Professional & Business Services priority occupation to 2030.
Religious Studies,Social workers,"An Adult Social Care priority occupation, +12,000 jobs needed nationally by 2030."
Religious Studies,Human resources and industrial relations officers,A named Professional & Business Services priority occupation to 2030.
Religious Studies,Legal associate professionals,A common conversion route for religious studies graduates into professional services.
Religious Studies,"Archivists, conservators and curators",A named Creative Industries priority occupation to 2030.
Criminology,Police officer,"The single most common destination for criminology graduates, per Prospects careers data."
Criminology,Probation officer,A core criminology career path as justice services expand community sentencing.
Criminology,Prison officer,A recognised criminology destination across prison and probation services.
Criminology,Social worker,"A common criminology destination, alongside youth work and community safety roles."
English Language,"Authors, writers and translators","+13,000 jobs needed nationally by 2030 (Creative Industries)."
English Language,Public relations professionals,"A named Creative Industries priority occupation, +4,000 jobs by 2030."
English Language,"Newspaper, periodical and broadcast editors",A named Creative Industries priority occupation to 2030.
English Language,Human resources and industrial relations officers,A named Professional & Business Services priority occupation to 2030.
English Literature,"Authors, writers and translators","+13,000 jobs needed nationally by 2030 (Creative Industries)."
English Literature,"Newspaper, periodical and broadcast editors",A named Creative Industries priority occupation to 2030.
English Literature,"Archivists, conservators and curators",A named Creative Industries priority occupation to 2030.
English Literature,Public relations professionals,"A named Creative Industries priority occupation, +4,000 jobs by 2030."
English Language & Literature,"Authors, writers and translators","+13,000 jobs needed nationally by 2030 (Creative Industries)."
English Language & Literature,Public relations professionals,"A named Creative Industries priority occupation, +4,000 jobs by 2030."
English Language & Literature,Newspaper and periodical broadcast journalists and reporters,"+7,000 jobs needed nationally by 2030 (Creative Industries)."
English Language & Literature,Advertising accounts managers and creative directors,"A named Creative Industries priority occupation, +4,000 by 2030."
French,"Authors, writers and translators","Includes translators; +13,000 jobs needed nationally by 2030 (Creative Industries)."
French,Marketing and commercial managers,Needed across Creative Industries and Professional & Business Services for international trade.
French,Management consultants and business analysts,"A Professional & Business Services priority occupation, +7,000 jobs needed by 2030."
French,Human resources and industrial relations officers,A named Professional & Business Services priority occupation to 2030.
Spanish,"Authors, writers and translators","Includes translators; +13,000 jobs needed nationally by 2030 (Creative Industries)."
Spanish,Marketing and commercial managers,Needed for UK trade with Spanish- and Portuguese-speaking markets across Latin America.
Spanish,Management consultants and business analysts,"A Professional & Business Services priority occupation, +7,000 jobs needed by 2030."
Spanish,Human resources and industrial relations officers,A named Professional & Business Services priority occupation to 2030.
German,"Authors, writers and translators","Includes translators; +13,000 jobs needed nationally by 2030 (Creative Industries)."
German,Marketing and commercial managers,"Needed for trade with Germany, the UK's largest single European trading partner."
German,Management consultants and business analysts,"A Professional & Business Services priority occupation, +7,000 jobs needed by 2030."
German,Finance and investment analysts and advisers,"+14,000 jobs needed nationally by 2030 across Financial and Professional & Business Services."
Chinese (Mandarin),"Authors, writers and translators","Includes translators; +13,000 jobs needed nationally by 2030 (Creative Industries)."
Chinese (Mandarin),Marketing and commercial managers,Needed as UK firms build trade and investment links with Mandarin-speaking markets.
Chinese (Mandarin),Management consultants and business analysts,"A Professional & Business Services priority occupation, +7,000 jobs needed by 2030."
Chinese (Mandarin),Human resources and industrial relations officers,A named Professional & Business Services priority occupation to 2030.
Art & Design (Fine Art),Artists,"On the UK's Immigration Salary List, and a named Creative Industries priority occupation."
Art & Design (Fine Art),"Arts officers, producers and directors","+13,000 jobs needed nationally by 2030 (Creative Industries)."
Art & Design (Fine Art),"Archivists, conservators and curators",A named Creative Industries priority occupation to 2030.
Art & Design (Fine Art),Graphic and multimedia designers,"On the UK's Immigration Salary List, and +14,000 jobs needed by 2030."
Graphic Communication,Graphic and multimedia designers,"On the UK's Immigration Salary List, and +14,000 jobs needed nationally by 2030."
Graphic Communication,Web design professionals,"A named Creative Industries priority occupation, +4,000 jobs by 2030."
Graphic Communication,Advertising accounts managers and creative directors,"A named Creative Industries priority occupation, +4,000 by 2030."
Graphic Communication,Marketing associate professionals,"Needed across Creative Industries and Professional & Business Services, +8,000 by 2030."
Photography,"Photographers, audio-visual and broadcasting equipment operators","+11,000 jobs needed nationally by 2030 (Creative Industries)."
Photography,"Arts officers, producers and directors","+13,000 jobs needed nationally by 2030 (Creative Industries)."
Photography,Advertising accounts managers and creative directors,"A named Creative Industries priority occupation, +4,000 by 2030."
Photography,"Archivists, conservators and curators",A named Creative Industries priority occupation to 2030.
Textile Design,Fashion and textile designer,Sits inside a UK fashion and textile industry worth £62bn and 1.3 million jobs (UKFT).
Textile Design,Garment technologist,"A technical role in an industry that could add 100,000 more jobs if it regains its 2019 size (UKFT)."
Textile Design,Textile production manager,"Part of the 260,000 UK jobs in fashion and textile design, development and manufacturing (UKFT)."
Textile Design,Sustainable/circular fashion specialist,"A growing specialism as the UK fashion industry tackles sustainability, per UKFT."
Film Studies,"Arts officers, producers and directors","+13,000 jobs needed nationally by 2030 (Creative Industries)."
Film Studies,"Photographers, audio-visual and broadcasting equipment operators","+11,000 jobs needed nationally by 2030 (Creative Industries)."
Film Studies,"Actors, entertainers and presenters","+6,000 jobs needed nationally by 2030 (Creative Industries)."
Film Studies,Marketing and commercial managers,Needed across Creative Industries and Professional & Business Services to 2030.
Media Studies,Newspaper and periodical broadcast journalists and reporters,"+7,000 jobs needed nationally by 2030 (Creative Industries)."
Media Studies,Public relations professionals,"A named Creative Industries priority occupation, +4,000 jobs by 2030."
Media Studies,Advertising accounts managers and creative directors,"A named Creative Industries priority occupation, +4,000 by 2030."
Media Studies,Marketing associate professionals,"Needed across Creative Industries and Professional & Business Services, +8,000 by 2030."
Music,Skilled orchestral musicians,On the UK's Immigration Salary List for skilled worker visas.
Music,Musicians,"+6,000 jobs needed nationally by 2030 (Creative Industries)."
Music,"Arts officers, producers and directors","+13,000 jobs needed nationally by 2030 (Creative Industries)."
Music,Managers and directors in the creative industries,"+7,000 jobs needed nationally by 2030."
Music Technology,"Photographers, audio-visual and broadcasting equipment operators","+11,000 jobs needed nationally by 2030 (Creative Industries)."
Music Technology,Musicians,"+6,000 jobs needed nationally by 2030 (Creative Industries)."
Music Technology,Programmers and software development professionals,"The UK's single biggest priority occupation, crossing into music software and production."
Music Technology,"Arts officers, producers and directors","+13,000 jobs needed nationally by 2030 (Creative Industries)."
Drama & Theatre,"Actors, entertainers and presenters","+6,000 jobs needed nationally by 2030 (Creative Industries)."
Drama & Theatre,"Arts officers, producers and directors","On the UK's Immigration Salary List, and +13,000 jobs needed nationally by 2030."
Drama & Theatre,Managers and directors in the creative industries,"+7,000 jobs needed nationally by 2030."
Drama & Theatre,Artists,"On the UK's Immigration Salary List, and a named Creative Industries priority occupation."
Dance,Skilled classical/contemporary dancers,On the UK's Immigration Salary List for skilled worker visas.
Dance,"Arts officers, producers and directors","On the UK's Immigration Salary List, and +13,000 jobs needed nationally by 2030."
Dance,"Actors, entertainers and presenters","+6,000 jobs needed nationally by 2030 (Creative Industries)."
Dance,Managers and directors in the creative industries,"+7,000 jobs needed nationally by 2030."
Physical Education,PE teacher,Schools and colleges remain a major destination for PE graduates nationally.
Physical Education,Sports coach,The share of active coaches paid for their work rose from 38% to 53% in two years (Sport England/UK Coaching).
Physical Education,Sport development officer,"Part of a sport and physical activity workforce of over 400,000 people in England (Sport England)."
Physical Education,Health and fitness instructor,A growing role as the sport and physical activity workforce professionalises.
Sport & Exercise Science,Sports coach,The share of active coaches paid for their work rose from 38% to 53% in two years (Sport England/UK Coaching).
Sport & Exercise Science,Strength and conditioning coach,"A specialist role inside England's 400,000-strong sport and physical activity workforce."
Sport & Exercise Science,Sports therapist,Bridges sport science and the wider allied health workforce the NHS is expanding.
Sport & Exercise Science,Exercise physiologist,A specialist analysis role inside elite and public-health sport science.
Food Science & Nutrition,Food technologist,"Works in the UK's largest manufacturing sector by jobs, worth £37bn and employing 500,000 people (FDF)."
Food Science & Nutrition,Quality assurance and regulatory professionals,A Digital and Technologies and Life Sciences priority occupation to 2030.
Food Science & Nutrition,Production managers and directors in manufacturing,"+11,000 jobs needed nationally by 2030 across Clean Energy, Advanced Manufacturing and Life Sciences."
Food Science & Nutrition,Nutritionist,Vacancy rates in food and drink manufacturing are more than double the wider manufacturing average (FDF).
