subject,label,url
Mathematics,"Skills England, Assessment of priority skills to 2030 (2025)",https://www.gov.uk/government/publications/assessment-of-priority-skills-to-2030/assessment-of-priority-skills-to-2030
Mathematics,"Skills England, Assessment of priority skills to 2030 - accompanying data tables",https://assets.publishing.service.gov.uk/media/6895d6eca6eb81a3f9b2e2a5/Assessment_of_priority_skills_accompanying_tables.xlsx
Further Mathematics,"Skills England, Assessment of priority skills to 2030 (2025)",https://www.gov.uk/government/publications/assessment-of-priority-skills-to-2030/assessment-of-priority-skills-to-2030
Further Mathematics,"Skills England, Assessment of priority skills to 2030 - accompanying data tables",https://assets.publishing.service.gov.uk/media/6895d6eca6eb81a3f9b2e2a5/Assessment_of_priority_skills_accompanying_tables.xlsx
Statistics,"Skills England, Assessment of priority skills to 2030 (2025)",https://www.gov.uk/government/publications/assessment-of-priority-skills-to-2030/assessment-of-priority-skills-to-2030
Statistics,"Skills England, Assessment of priority skills to 2030 - accompanying data tables",https://assets.publishing.service.gov.uk/media/6895d6eca6eb81a3f9b2e2a5/Assessment_of_priority_skills_accompanying_tables.xlsx
Computer Science,"Skills England, Assessment of priority skills to 2030 (2025)",https://www.gov.uk/government/publications/assessment-of-priority-skills-to-2030/assessment-of-priority-skills-to-2030
Computer Science,Industrial Strategy sector definitions list (IS-8),https://www.gov.uk/government/publications/industrial-strategy/industrial-strategy-sector-definitions-list
Biology,"Skills England, Assessment of priority skills to 2030 (2025)",https://www.gov.uk/government/publications/assessment-of-priority-skills-to-2030/assessment-of-priority-skills-to-2030
Biology,Skilled Worker visa: Immigration Salary List,https://www.gov.uk/government/publications/skilled-worker-visa-immigration-salary-list/skilled-worker-visa-immigration-salary-list
Chemistry,"Skills England, Assessment of priority skills to 2030 (2025)",https://www.gov.uk/government/publications/assessment-of-priority-skills-to-2030/assessment-of-priority-skills-to-2030
Chemistry,Skilled Worker visa: Immigration Salary List,https://www.gov.uk/government/publications/skilled-worker-visa-immigration-salary-list/skilled-worker-visa-immigration-salary-list
Physics,"Skills England, Assessment of priority skills to 2030 (2025)",https://www.gov.uk/government/publications/assessment-of-priority-skills-to-2030/assessment-of-priority-skills-to-2030
Physics,Industrial Strategy sector definitions list (IS-8),https://www.gov.uk/government/publications/industrial-strategy/industrial-strategy-sector-definitions-list
Applied Science,"Skills England, Assessment of priority skills to 2030 (2025)",https://www.gov.uk/government/publications/assessment-of-priority-skills-to-2030/assessment-of-priority-skills-to-2030
Applied Science,Skilled Worker visa: Immigration Salary List,https://www.gov.uk/government/publications/skilled-worker-visa-immigration-salary-list/skilled-worker-visa-immigration-salary-list
Environmental Science,"Skills England, Assessment of priority skills to 2030 (2025)",https://www.gov.uk/government/publications/assessment-of-priority-skills-to-2030/assessment-of-priority-skills-to-2030
Environmental Science,Industrial Strategy sector definitions list (IS-8),https://www.gov.uk/government/publications/industrial-strategy/industrial-strategy-sector-definitions-list
Psychology,NHS Long Term Workforce Plan - About the plan,https://www.england.nhs.uk/ltwp/about-the-plan/
Psychology,"Skills England, Assessment of priority skills to 2030 (2025)",https://www.gov.uk/government/publications/assessment-of-priority-skills-to-2030/assessment-of-priority-skills-to-2030
Engineering,"EngineeringUK, Engineering and technology workforce (May 2025 update)",https://www.engineeringuk.com/research-and-insights/our-research-and-evaluation-reports/engineering-and-technology-workforce/
Engineering,"Skills England, Assessment of priority skills to 2030 (2025)",https://www.gov.uk/government/publications/assessment-of-priority-skills-to-2030/assessment-of-priority-skills-to-2030
Design & Technology (Product Design),"Skills England, Assessment of priority skills to 2030 (2025)",https://www.gov.uk/government/publications/assessment-of-priority-skills-to-2030/assessment-of-priority-skills-to-2030
Design & Technology (Product Design),"Skills England, Sector Skills Needs Assessment - Creative Industries",https://www.gov.uk/government/publications/skills-england-annual-skills-report-and-sectoral-skills-needs-assessments-2026/sector-skills-needs-assessment-creative-industries
Health & Social Care,"Skills England, Assessment of priority skills to 2030 (2025)",https://www.gov.uk/government/publications/assessment-of-priority-skills-to-2030/assessment-of-priority-skills-to-2030
Health & Social Care,Skilled Worker visa: Immigration Salary List,https://www.gov.uk/government/publications/skilled-worker-visa-immigration-salary-list/skilled-worker-visa-immigration-salary-list
Health & Social Care,NHS Long Term Workforce Plan - About the plan,https://www.england.nhs.uk/ltwp/about-the-plan/
Construction & the Built Environment,"Skills England, Assessment of priority skills to 2030 (2025)",https://www.gov.uk/government/publications/assessment-of-priority-skills-to-2030/assessment-of-priority-skills-to-2030
Construction & the Built Environment,"CITB, Construction Workforce Outlook 2025-29",https://www.citb.co.uk/about-citb/news-events-and-blogs/citb-publishes-construction-workforce-outlook-2025-29
Construction & the Built Environment,Skilled Worker visa: Immigration Salary List,https://www.gov.uk/government/publications/skilled-worker-visa-immigration-salary-list/skilled-worker-visa-immigration-salary-list
Business Studies,"Skills England, Assessment of priority skills to 2030 (2025)",https://www.gov.uk/government/publications/assessment-of-priority-skills-to-2030/assessment-of-priority-skills-to-2030
Economics,"Skills England, Assessment of priority skills to 2030 (2025)",https://www.gov.uk/government/publications/assessment-of-priority-skills-to-2030/assessment-of-priority-skills-to-2030
Accounting,"ICAEW, UK accountants still in high demand despite AI jobs shift",https://www.icaew.com/about-icaew/news/2026-news-releases/uk-accountants-still-in-high-demand-despite-ai-jobs-shift-icaew-report-finds
Accounting,"Skills England, Assessment of priority skills to 2030 (2025)",https://www.gov.uk/government/publications/assessment-of-priority-skills-to-2030/assessment-of-priority-skills-to-2030
Law,"The Law Society, Solicitor apprenticeships",https://www.lawsociety.org.uk/career-advice/becoming-a-solicitor/qualifying-without-a-degree/apprenticeships
Law,"Skills England, Assessment of priority skills to 2030 (2025)",https://www.gov.uk/government/publications/assessment-of-priority-skills-to-2030/assessment-of-priority-skills-to-2030
Geography,"Skills England, Assessment of priority skills to 2030 (2025)",https://www.gov.uk/government/publications/assessment-of-priority-skills-to-2030/assessment-of-priority-skills-to-2030
History,"Historic England, Heritage Counts - economic value of the heritage sector",https://historicengland.org.uk/research/heritage-counts/heritage-and-economy/economic-value/
Politics,"Skills England, Assessment of priority skills to 2030 - accompanying data tables",https://assets.publishing.service.gov.uk/media/6895d6eca6eb81a3f9b2e2a5/Assessment_of_priority_skills_accompanying_tables.xlsx
Sociology,"Skills England, Assessment of priority skills to 2030 (2025)",https://www.gov.uk/government/publications/assessment-of-priority-skills-to-2030/assessment-of-priority-skills-to-2030
Philosophy,"Skills England, Assessment of priority skills to 2030 - accompanying data tables",https://assets.publishing.service.gov.uk/media/6895d6eca6eb81a3f9b2e2a5/Assessment_of_priority_skills_accompanying_tables.xlsx
Religious Studies,"Skills England, Assessment of priority skills to 2030 - accompanying data tables",https://assets.publishing.service.gov.uk/media/6895d6eca6eb81a3f9b2e2a5/Assessment_of_priority_skills_accompanying_tables.xlsx
Criminology,"Prospects, What can I do with a criminology degree?",https://www.prospects.ac.uk/careers-advice/what-can-i-do-with-my-degree/criminology
English Language,"Skills England, Assessment of priority skills to 2030 - accompanying data tables",https://assets.publishing.service.gov.uk/media/6895d6eca6eb81a3f9b2e2a5/Assessment_of_priority_skills_accompanying_tables.xlsx
English Language,"Skills England, Sector Skills Needs Assessment - Creative Industries",https://www.gov.uk/government/publications/skills-england-annual-skills-report-and-sectoral-skills-needs-assessments-2026/sector-skills-needs-assessment-creative-industries
English Literature,"Skills England, Assessment of priority skills to 2030 - accompanying data tables",https://assets.publishing.service.gov.uk/media/6895d6eca6eb81a3f9b2e2a5/Assessment_of_priority_skills_accompanying_tables.xlsx
English Language & Literature,"Skills England, Assessment of priority skills to 2030 - accompanying data tables",https://assets.publishing.service.gov.uk/media/6895d6eca6eb81a3f9b2e2a5/Assessment_of_priority_skills_accompanying_tables.xlsx
French,"Skills England, Assessment of priority skills to 2030 - accompanying data tables",https://assets.publishing.service.gov.uk/media/6895d6eca6eb81a3f9b2e2a5/Assessment_of_priority_skills_accompanying_tables.xlsx
Spanish,"Skills England, Assessment of priority skills to 2030 - accompanying data tables",https://assets.publishing.service.gov.uk/media/6895d6eca6eb81a3f9b2e2a5/Assessment_of_priority_skills_accompanying_tables.xlsx
German,"Skills England, Assessment of priority skills to 2030 - accompanying data tables",https://assets.publishing.service.gov.uk/media/6895d6eca6eb81a3f9b2e2a5/Assessment_of_priority_skills_accompanying_tables.xlsx
Chinese (Mandarin),"Skills England, Assessment of priority skills to 2030 - accompanying data tables",https://assets.publishing.service.gov.uk/media/6895d6eca6eb81a3f9b2e2a5/Assessment_of_priority_skills_accompanying_tables.xlsx
Art & Design (Fine Art),Skilled Worker visa: Immigration Salary List,https://www.gov.uk/government/publications/skilled-worker-visa-immigration-salary-list/skilled-worker-visa-immigration-salary-list
Art & Design (Fine Art),"Skills England, Sector Skills Needs Assessment - Creative Industries",https://www.gov.uk/government/publications/skills-england-annual-skills-report-and-sectoral-skills-needs-assessments-2026/sector-skills-needs-assessment-creative-industries
Graphic Communication,Skilled Worker visa: Immigration Salary List,https://www.gov.uk/government/publications/skilled-worker-visa-immigration-salary-list/skilled-worker-visa-immigration-salary-list
Graphic Communication,"Skills England, Sector Skills Needs Assessment - Creative Industries",https://www.gov.uk/government/publications/skills-england-annual-skills-report-and-sectoral-skills-needs-assessments-2026/sector-skills-needs-assessment-creative-industries
Photography,"Skills England, Sector Skills Needs Assessment - Creative Industries",https://www.gov.uk/government/publications/skills-england-annual-skills-report-and-sectoral-skills-needs-assessments-2026/sector-skills-needs-assessment-creative-industries
Photography,"Skills England, Assessment of priority skills to 2030 - accompanying data tables",https://assets.publishing.service.gov.uk/media/6895d6eca6eb81a3f9b2e2a5/Assessment_of_priority_skills_accompanying_tables.xlsx
Textile Design,"UKFT, The Fashion & Textile Industry's Footprint in the UK",https://ukft.org/industry-footprint-report/
Film Studies,"Skills England, Sector Skills Needs Assessment - Creative Industries",https://www.gov.uk/government/publications/skills-england-annual-skills-report-and-sectoral-skills-needs-assessments-2026/sector-skills-needs-assessment-creative-industries
Media Studies,"Skills England, Sector Skills Needs Assessment - Creative Industries",https://www.gov.uk/government/publications/skills-england-annual-skills-report-and-sectoral-skills-needs-assessments-2026/sector-skills-needs-assessment-creative-industries
Media Studies,"Skills England, Assessment of priority skills to 2030 - accompanying data tables",https://assets.publishing.service.gov.uk/media/6895d6eca6eb81a3f9b2e2a5/Assessment_of_priority_skills_accompanying_tables.xlsx
Music,"UK Music, This Is Music 2025",https://www.ukmusic.org/research-reports/this-is-music-2025/
Music,Skilled Worker visa: Immigration Salary List,https://www.gov.uk/government/publications/skilled-worker-visa-immigration-salary-list/skilled-worker-visa-immigration-salary-list
Music Technology,"UK Music, This Is Music 2025",https://www.ukmusic.org/research-reports/this-is-music-2025/
Music Technology,"Skills England, Sector Skills Needs Assessment - Creative Industries",https://www.gov.uk/government/publications/skills-england-annual-skills-report-and-sectoral-skills-needs-assessments-2026/sector-skills-needs-assessment-creative-industries
Drama & Theatre,Skilled Worker visa: Immigration Salary List,https://www.gov.uk/government/publications/skilled-worker-visa-immigration-salary-list/skilled-worker-visa-immigration-salary-list
Drama & Theatre,"Skills England, Sector Skills Needs Assessment - Creative Industries",https://www.gov.uk/government/publications/skills-england-annual-skills-report-and-sectoral-skills-needs-assessments-2026/sector-skills-needs-assessment-creative-industries
Dance,Skilled Worker visa: Immigration Salary List,https://www.gov.uk/government/publications/skilled-worker-visa-immigration-salary-list/skilled-worker-visa-immigration-salary-list
Dance,"Skills England, Sector Skills Needs Assessment - Creative Industries",https://www.gov.uk/government/publications/skills-england-annual-skills-report-and-sectoral-skills-needs-assessments-2026/sector-skills-needs-assessment-creative-industries
Physical Education,"Sport England, Working in an Active Nation: the professional workforce strategy for England",https://www.sportengland.org/news/working-in-an-active-nation-the-professional-workforce-strategy-for-england
Sport & Exercise Science,"Sport England, Working in an Active Nation: the professional workforce strategy for England",https://www.sportengland.org/news/working-in-an-active-nation-the-professional-workforce-strategy-for-england
Sport & Exercise Science,"Skills England, Assessment of priority skills to 2030 - accompanying data tables",https://assets.publishing.service.gov.uk/media/6895d6eca6eb81a3f9b2e2a5/Assessment_of_priority_skills_accompanying_tables.xlsx
Food Science & Nutrition,Food and Drink Federation: backing a GBP50bn growth plan for the UK's largest manufacturing sector,https://www.fdf.org.uk/fdf/news-media/press-releases/2025/fdf-urges-government-to-back-50bn-growth-plan-for-uks-largest-manufacturing-sector/
Food Science & Nutrition,"Skills England, Assessment of priority skills to 2030 - accompanying data tables",https://assets.publishing.service.gov.uk/media/6895d6eca6eb81a3f9b2e2a5/Assessment_of_priority_skills_accompanying_tables.xlsx
