skill,score,evidence,source
data-analysis,4,"IT business analysts/architects/systems designers: the #3 top-demand occupation nationally (+34,000 by 2030), needed in 6 of 10 priority sectors.",https://dera.ioe.ac.uk/id/eprint/41459/1/Assessment%20of%20priority%20skills%20to%202030%20-%20GOV.pdf p.19
programming,4,"Programmers and software development professionals: the #2 top-demand occupation nationally (+87,000 by 2030), needed in 7 of 10 sectors.","https://dera.ioe.ac.uk/id/eprint/41459/1/Assessment%20of%20priority%20skills%20to%202030%20-%20GOV.pdf p.18, p.19"
digital-ai,5,Industrial Strategy: partnership to train 7.5 million UK workers in essential AI skills by 2030; ESS: digital skills lacking in 38% of skill-shortage vacancies.,https://assets.publishing.service.gov.uk/media/69256e16367485ea116a56de/industrial_strategy_policy_paper.pdf p.68
cyber-security,4,"TechFirst package (Industrial Strategy, GBP187m) explicitly funds AI, cyber security and computer science skills as an IS-8 cross-sector priority.",https://assets.publishing.service.gov.uk/media/69256e16367485ea116a56de/industrial_strategy_policy_paper.pdf p.68
numeracy,3,Basic numerical skills lacking in 26% of skill-shortage vacancies in 2024; complex numerical/statistical skills lacking in 25%.,https://assets.publishing.service.gov.uk/media/69205d2db303fcb3352e5347/Employer_skills_survey_2024_full_UK_research_report.pdf p.48-49
scientific-method,2,"Life Sciences is 1 of Skills England's 10 priority sectors, but its lab-facing occupations are not among those named in 4 or more sectors.",https://dera.ioe.ac.uk/id/eprint/41459/1/Assessment%20of%20priority%20skills%20to%202030%20-%20GOV.pdf p.19
engineering,4,"Industrial Strategy engineering package (over GBP100m) names engineering skills as critical across Advanced Manufacturing, Clean Energy and Digital & Technologies.",https://assets.publishing.service.gov.uk/media/69256e16367485ea116a56de/industrial_strategy_policy_paper.pdf p.68
practical-making,4,"Industrial Strategy construction package: over GBP600m to train up to 60,000 more skilled construction workers; ESS: adapting to new equipment lacking in 26% of SSVs.",https://assets.publishing.service.gov.uk/media/69256e16367485ea116a56de/industrial_strategy_policy_paper.pdf p.69
sustainability,4,"Clean Energy Industries employment is projected to grow 77% by 2030, the fastest of Skills England's 10 priority sectors.",https://dera.ioe.ac.uk/id/eprint/41459/1/Assessment%20of%20priority%20skills%20to%202030%20-%20GOV.pdf p.11
commercial,4,"Knowledge of products and services offered was lacking in 45% of skill-shortage vacancies in 2024, up from 40% in 2022.",https://assets.publishing.service.gov.uk/media/69205d2db303fcb3352e5347/Employer_skills_survey_2024_full_UK_research_report.pdf p.48
leadership,5,Management/leadership skills lacking in 46% of skill-shortage vacancies; Skills England has launched 3 AI-leadership apprenticeship units for managers.,https://assets.publishing.service.gov.uk/media/69205d2db303fcb3352e5347/Employer_skills_survey_2024_full_UK_research_report.pdf p.52
law-ethics,4,'Responsible and ethical AI' is 1 of Skills England's 6 named AI foundation skills for work: understanding the risks and consequences of AI use.,https://assets.publishing.service.gov.uk/media/6a47c33a045e1108aaa5eb48/Skills_England_annual_skills_report_2026.pdf p.31
writing,5,Reading/understanding instructions and reports lacking in 30% of SSVs; Skills England names 'communication skills' a cross-cutting AI-readiness priority.,https://assets.publishing.service.gov.uk/media/69205d2db303fcb3352e5347/Employer_skills_survey_2024_full_UK_research_report.pdf p.48
speaking,4,Skills England names 'communication skills' a cross-cutting priority; making speeches/presentations lacking in 17% of SSVs (up from 13% in 2022).,https://assets.publishing.service.gov.uk/media/6a47c33a045e1108aaa5eb48/Skills_England_annual_skills_report_2026.pdf p.7
languages,2,"Communicating in a foreign language contributed to 14% of skill-shortage vacancies in 2024, down from 18% in 2022.",https://assets.publishing.service.gov.uk/media/69205d2db303fcb3352e5347/Employer_skills_survey_2024_full_UK_research_report.pdf p.48
care-empathy,4,"Care workers and home carers need +90,000 jobs by 2030 - the single largest priority occupation nationally, one-ninth of all priority demand.",https://dera.ioe.ac.uk/id/eprint/41459/1/Assessment%20of%20priority%20skills%20to%202030%20-%20GOV.pdf p.4
teamwork,5,Team working lacking in 35% of SSVs; Skills England highlights 'collaboration' and 'team work' among the human skills employers will value most.,https://assets.publishing.service.gov.uk/media/69205d2db303fcb3352e5347/Employer_skills_survey_2024_full_UK_research_report.pdf p.52
customer-service,4,Sales and customer service skills lacking in 40% of skill-shortage vacancies in 2024 (customer handling alone: 36%).,https://assets.publishing.service.gov.uk/media/69205d2db303fcb3352e5347/Employer_skills_survey_2024_full_UK_research_report.pdf p.52
self-management,5,"Self-management skills lacking in 54% of SSVs, the most common people-skill gap; Skills England calls for 'work-ready' recruits.",https://assets.publishing.service.gov.uk/media/69205d2db303fcb3352e5347/Employer_skills_survey_2024_full_UK_research_report.pdf p.51
critical-thinking,4,"Skills England names 'critical thinking and analytical skills' a cross-cutting priority for AI-ready workers, alongside communication skills.",https://assets.publishing.service.gov.uk/media/6a47c33a045e1108aaa5eb48/Skills_England_annual_skills_report_2026.pdf p.7
problem-solving,5,"Solving complex problems was a factor in 45% of skill-shortage vacancies in 2024, up from 36% in 2022 - the sharpest rise of any skill measured.",https://assets.publishing.service.gov.uk/media/69205d2db303fcb3352e5347/Employer_skills_survey_2024_full_UK_research_report.pdf p.48
creativity,4,"Creative and innovative thinking was lacking in 43% of skill-shortage vacancies in 2024, up from 40% in 2022.",https://assets.publishing.service.gov.uk/media/69205d2db303fcb3352e5347/Employer_skills_survey_2024_full_UK_research_report.pdf p.49
content-production,2,"Creative Industries is 1 of Skills England's 10 priority sectors, but its design/content occupations are not named in 4 or more sectors.",https://dera.ioe.ac.uk/id/eprint/41459/1/Assessment%20of%20priority%20skills%20to%202030%20-%20GOV.pdf p.19
