name,aliases,council,region
Cheshire East,,Cheshire East,cheshire-warrington
Crewe,,Cheshire East,cheshire-warrington
Nantwich,,Cheshire East,cheshire-warrington
Macclesfield,,Cheshire East,cheshire-warrington
Congleton,,Cheshire East,cheshire-warrington
Sandbach,,Cheshire East,cheshire-warrington
Wilmslow,,Cheshire East,cheshire-warrington
Alsager,,Cheshire East,cheshire-warrington
Middlewich,,Cheshire East,cheshire-warrington
Knutsford,,Cheshire East,cheshire-warrington
Poynton,,Cheshire East,cheshire-warrington
Bollington,,Cheshire East,cheshire-warrington
Disley,,Cheshire East,cheshire-warrington
Alderley Edge,,Cheshire East,cheshire-warrington
Prestbury,,Cheshire East,cheshire-warrington
Handforth,,Cheshire East,cheshire-warrington
Holmes Chapel,,Cheshire East,cheshire-warrington
Audlem,,Cheshire East,cheshire-warrington
Wybunbury,,Cheshire East,cheshire-warrington
Haslington,,Cheshire East,cheshire-warrington
Cheshire West and Chester,,Cheshire West and Chester,cheshire-warrington
Chester,,Cheshire West and Chester,cheshire-warrington
Ellesmere Port,,Cheshire West and Chester,cheshire-warrington
Winsford,,Cheshire West and Chester,cheshire-warrington
Northwich,,Cheshire West and Chester,cheshire-warrington
Neston,,Cheshire West and Chester,cheshire-warrington
Frodsham,,Cheshire West and Chester,cheshire-warrington
Tarporley,,Cheshire West and Chester,cheshire-warrington
Malpas,,Cheshire West and Chester,cheshire-warrington
Helsby,,Cheshire West and Chester,cheshire-warrington
Little Sutton,,Cheshire West and Chester,cheshire-warrington
Tarvin,,Cheshire West and Chester,cheshire-warrington
Kelsall,,Cheshire West and Chester,cheshire-warrington
Hoole,"Hoole, Chester",Cheshire West and Chester,cheshire-warrington
Blacon,,Cheshire West and Chester,cheshire-warrington
Ince,"Ince, Cheshire",Cheshire West and Chester,cheshire-warrington
Warrington,,Warrington,cheshire-warrington
Great Sankey,,Warrington,cheshire-warrington
Penketh,,Warrington,cheshire-warrington
Culcheth,,Warrington,cheshire-warrington
Lymm,,Warrington,cheshire-warrington
Stockton Heath,,Warrington,cheshire-warrington
Padgate,,Warrington,cheshire-warrington
Orford,"Orford, Warrington",Warrington,cheshire-warrington
Latchford,,Warrington,cheshire-warrington
Birchwood,,Warrington,cheshire-warrington
Appleton,"Appleton, Warrington",Warrington,cheshire-warrington
Grappenhall,,Warrington,cheshire-warrington
Walton (Warrington),Walton,Warrington,cheshire-warrington
Woolston,,Warrington,cheshire-warrington
Fearnhead,,Warrington,cheshire-warrington
Cumberland,,Cumberland,cumbria
Carlisle,,Cumberland,cumbria
Workington,,Cumberland,cumbria
Whitehaven,,Cumberland,cumbria
Maryport,,Cumberland,cumbria
Cockermouth,,Cumberland,cumbria
Wigton,,Cumberland,cumbria
Silloth,,Cumberland,cumbria
Aspatria,,Cumberland,cumbria
Egremont,,Cumberland,cumbria
Cleator Moor,,Cumberland,cumbria
Millom,,Cumberland,cumbria
Keswick,,Cumberland,cumbria
Longtown,"Longtown, Cumbria",Cumberland,cumbria
Brampton,"Brampton, Cumbria",Cumberland,cumbria
Distington,,Cumberland,cumbria
Frizington,,Cumberland,cumbria
Seascale,,Cumberland,cumbria
Westmorland and Furness,,Westmorland and Furness,cumbria
Kendal,,Westmorland and Furness,cumbria
Windermere,,Westmorland and Furness,cumbria
Ambleside,,Westmorland and Furness,cumbria
Grasmere,,Westmorland and Furness,cumbria
Barrow-in-Furness,Barrow,Westmorland and Furness,cumbria
Ulverston,,Westmorland and Furness,cumbria
Grange-over-Sands,,Westmorland and Furness,cumbria
Sedbergh,,Westmorland and Furness,cumbria
Penrith,,Westmorland and Furness,cumbria
Appleby-in-Westmorland,Appleby,Westmorland and Furness,cumbria
Kirkby Lonsdale,,Westmorland and Furness,cumbria
Kirkby Stephen,,Westmorland and Furness,cumbria
Dalton-in-Furness,,Westmorland and Furness,cumbria
Coniston,,Westmorland and Furness,cumbria
Bowness-on-Windermere,Bowness,Westmorland and Furness,cumbria
Milnthorpe,,Westmorland and Furness,cumbria
Staveley,"Staveley, Cumbria",Westmorland and Furness,cumbria
Askam-in-Furness,,Westmorland and Furness,cumbria
Manchester,,Manchester,greater-manchester
Didsbury,,Manchester,greater-manchester
Chorlton,Chorlton-cum-Hardy,Manchester,greater-manchester
Wythenshawe,,Manchester,greater-manchester
Moss Side,,Manchester,greater-manchester
Ancoats,,Manchester,greater-manchester
Levenshulme,,Manchester,greater-manchester
Fallowfield,,Manchester,greater-manchester
Rusholme,,Manchester,greater-manchester
Withington,,Manchester,greater-manchester
Longsight,,Manchester,greater-manchester
Gorton,,Manchester,greater-manchester
Cheetham Hill,,Manchester,greater-manchester
Crumpsall,,Manchester,greater-manchester
Blackley,,Manchester,greater-manchester
Moston,,Manchester,greater-manchester
Newton Heath,,Manchester,greater-manchester
Openshaw,,Manchester,greater-manchester
Harpurhey,,Manchester,greater-manchester
Whalley Range,,Manchester,greater-manchester
Hulme,,Manchester,greater-manchester
Ardwick,,Manchester,greater-manchester
Burnage,,Manchester,greater-manchester
Northenden,,Manchester,greater-manchester
Baguley,,Manchester,greater-manchester
Miles Platting,,Manchester,greater-manchester
Salford,,Salford,greater-manchester
Eccles,,Salford,greater-manchester
Swinton,"Swinton, Greater Manchester",Salford,greater-manchester
Walkden,,Salford,greater-manchester
Irlam,,Salford,greater-manchester
Worsley,,Salford,greater-manchester
Pendlebury,,Salford,greater-manchester
Little Hulton,,Salford,greater-manchester
Winton,,Salford,greater-manchester
Clifton,"Clifton, Salford",Salford,greater-manchester
Broughton,"Broughton, Salford",Salford,greater-manchester
Ordsall,,Salford,greater-manchester
Bolton,,Bolton,greater-manchester
Horwich,,Bolton,greater-manchester
Westhoughton,,Bolton,greater-manchester
Farnworth,,Bolton,greater-manchester
Kearsley,,Bolton,greater-manchester
Little Lever,,Bolton,greater-manchester
Turton,,Bolton,greater-manchester
Bromley Cross,,Bolton,greater-manchester
Blackrod,,Bolton,greater-manchester
Breightmet,,Bolton,greater-manchester
Astley Bridge,,Bolton,greater-manchester
Bury,,Bury,greater-manchester
Ramsbottom,,Bury,greater-manchester
Radcliffe,"Radcliffe, Greater Manchester",Bury,greater-manchester
Prestwich,,Bury,greater-manchester
Whitefield,,Bury,greater-manchester
Tottington,,Bury,greater-manchester
Oldham,,Oldham,greater-manchester
Chadderton,,Oldham,greater-manchester
Royton,,Oldham,greater-manchester
Shaw,"Shaw, Greater Manchester",Oldham,greater-manchester
Failsworth,,Oldham,greater-manchester
Lees,"Lees, Greater Manchester",Oldham,greater-manchester
Uppermill,,Oldham,greater-manchester
Saddleworth,,Oldham,greater-manchester
Rochdale,,Rochdale,greater-manchester
Middleton (Rochdale),Middleton,Rochdale,greater-manchester
Heywood,"Heywood, Greater Manchester",Rochdale,greater-manchester
Littleborough,,Rochdale,greater-manchester
Milnrow,,Rochdale,greater-manchester
Wardle,"Wardle, Greater Manchester",Rochdale,greater-manchester
Stockport,,Stockport,greater-manchester
Cheadle,,Stockport,greater-manchester
Marple,,Stockport,greater-manchester
Bramhall,,Stockport,greater-manchester
Hazel Grove,,Stockport,greater-manchester
Reddish,,Stockport,greater-manchester
Heaton Moor,,Stockport,greater-manchester
Cheadle Hulme,,Stockport,greater-manchester
Woodley,"Woodley, Greater Manchester",Stockport,greater-manchester
Romiley,,Stockport,greater-manchester
Gatley,,Stockport,greater-manchester
Bredbury,,Stockport,greater-manchester
Offerton,,Stockport,greater-manchester
Tameside,,Tameside,greater-manchester
Ashton-under-Lyne,Ashton under Lyne|Ashton,Tameside,greater-manchester
Denton,"Denton, Greater Manchester",Tameside,greater-manchester
Droylsden,,Tameside,greater-manchester
Dukinfield,,Tameside,greater-manchester
Hyde,"Hyde, Greater Manchester",Tameside,greater-manchester
Stalybridge,,Tameside,greater-manchester
Mossley,,Tameside,greater-manchester
Audenshaw,,Tameside,greater-manchester
Trafford,,Trafford,greater-manchester
Altrincham,,Trafford,greater-manchester
Sale,"Sale, Greater Manchester",Trafford,greater-manchester
Stretford,,Trafford,greater-manchester
Urmston,,Trafford,greater-manchester
Partington,,Trafford,greater-manchester
Hale (Trafford),Hale,Trafford,greater-manchester
Timperley,,Trafford,greater-manchester
Bowdon,,Trafford,greater-manchester
Old Trafford,,Trafford,greater-manchester
Flixton,,Trafford,greater-manchester
Davyhulme,,Trafford,greater-manchester
Broadheath,,Trafford,greater-manchester
Wigan,,Wigan,greater-manchester
Leigh,"Leigh, Greater Manchester",Wigan,greater-manchester
Ashton-in-Makerfield,Ashton in Makerfield|Ashton,Wigan,greater-manchester
Standish,,Wigan,greater-manchester
Hindley,,Wigan,greater-manchester
Golborne,,Wigan,greater-manchester
Atherton,"Atherton, Greater Manchester",Wigan,greater-manchester
Tyldesley,,Wigan,greater-manchester
Orrell (Wigan),Orrell,Wigan,greater-manchester
Billinge (Wigan),Billinge|Billinge Higher End,Wigan,greater-manchester
Ince-in-Makerfield,Ince,Wigan,greater-manchester
Aspull,,Wigan,greater-manchester
Shevington,,Wigan,greater-manchester
Abram,,Wigan,greater-manchester
Platt Bridge,,Wigan,greater-manchester
Lowton,,Wigan,greater-manchester
Burnley,,Burnley,lancashire
Padiham,,Burnley,lancashire
Briercliffe,,Burnley,lancashire
Worsthorne,,Burnley,lancashire
Hapton,"Hapton, Lancashire",Burnley,lancashire
Chorley,,Chorley,lancashire
Adlington,"Adlington, Lancashire",Chorley,lancashire
Clayton-le-Woods,,Chorley,lancashire
Euxton,,Chorley,lancashire
Coppull,,Chorley,lancashire
Whittle-le-Woods,,Chorley,lancashire
Eccleston (Chorley),Eccleston,Chorley,lancashire
Fylde,,Fylde,lancashire
Lytham St Annes,St Annes|Lytham|St Anne's|St Anne's on Sea|Lytham St Anne's,Fylde,lancashire
Kirkham,,Fylde,lancashire
Wesham,,Fylde,lancashire
Freckleton,,Fylde,lancashire
Warton,"Warton, Lancashire",Fylde,lancashire
Hyndburn,,Hyndburn,lancashire
Accrington,,Hyndburn,lancashire
Great Harwood,,Hyndburn,lancashire
Church,"Church, Lancashire",Hyndburn,lancashire
Oswaldtwistle,,Hyndburn,lancashire
Rishton,,Hyndburn,lancashire
Clayton-le-Moors,,Hyndburn,lancashire
Lancaster,,Lancaster,lancashire
Morecambe,,Lancaster,lancashire
Heysham,,Lancaster,lancashire
Carnforth,,Lancaster,lancashire
Middleton (Lancaster),Middleton,Lancaster,lancashire
Bare,"Bare, Morecambe",Lancaster,lancashire
Torrisholme,,Lancaster,lancashire
Halton-on-Lune,"Halton|Halton, Lancashire",Lancaster,lancashire
Pendle,,Pendle,lancashire
Nelson,"Nelson, Lancashire",Pendle,lancashire
Colne,,Pendle,lancashire
Barnoldswick,,Pendle,lancashire
Barrowford,,Pendle,lancashire
Brierfield,,Pendle,lancashire
Earby,,Pendle,lancashire
Preston,,Preston,lancashire
Fulwood,"Fulwood, Preston",Preston,lancashire
Ingol,,Preston,lancashire
Ribbleton,,Preston,lancashire
Ashton-on-Ribble,,Preston,lancashire
Ribble Valley,,Ribble Valley,lancashire
Clitheroe,,Ribble Valley,lancashire
Longridge,,Ribble Valley,lancashire
Whalley,,Ribble Valley,lancashire
Rossendale,,Rossendale,lancashire
Rawtenstall,,Rossendale,lancashire
Bacup,,Rossendale,lancashire
Haslingden,,Rossendale,lancashire
Waterfoot,,Rossendale,lancashire
Whitworth,"Whitworth, Lancashire",Rossendale,lancashire
South Ribble,,South Ribble,lancashire
Leyland,,South Ribble,lancashire
Penwortham,,South Ribble,lancashire
Bamber Bridge,,South Ribble,lancashire
Lostock Hall,,South Ribble,lancashire
West Lancashire,,West Lancashire,lancashire
Ormskirk,,West Lancashire,lancashire
Skelmersdale,,West Lancashire,lancashire
Burscough,,West Lancashire,lancashire
Aughton,"Aughton, Lancashire",West Lancashire,lancashire
Wyre,,Wyre,lancashire
Fleetwood,,Wyre,lancashire
Poulton-le-Fylde,Poulton,Wyre,lancashire
Thornton-Cleveleys,Thornton Cleveleys|Thornton,Wyre,lancashire
Garstang,,Wyre,lancashire
Great Eccleston,,Wyre,lancashire
Blackburn with Darwen,,Blackburn with Darwen,lancashire
Blackburn,,Blackburn with Darwen,lancashire
Darwen,,Blackburn with Darwen,lancashire
Blackpool,,Blackpool,lancashire
Halton,,Halton,liverpool-city-region
Widnes,,Halton,liverpool-city-region
Runcorn,,Halton,liverpool-city-region
Hale village (Halton),Hale|Hale Village,Halton,liverpool-city-region
Knowsley,,Knowsley,liverpool-city-region
Huyton,,Knowsley,liverpool-city-region
Kirkby,"Kirkby, Merseyside",Knowsley,liverpool-city-region
Prescot,,Knowsley,liverpool-city-region
Whiston,,Knowsley,liverpool-city-region
Halewood,,Knowsley,liverpool-city-region
Roby,,Knowsley,liverpool-city-region
Cronton,,Knowsley,liverpool-city-region
Liverpool,,Liverpool,liverpool-city-region
Anfield,,Liverpool,liverpool-city-region
Everton,,Liverpool,liverpool-city-region
Walton (Liverpool),Walton,Liverpool,liverpool-city-region
Toxteth,,Liverpool,liverpool-city-region
Speke,,Liverpool,liverpool-city-region
Garston,,Liverpool,liverpool-city-region
Allerton,,Liverpool,liverpool-city-region
Woolton,,Liverpool,liverpool-city-region
West Derby,,Liverpool,liverpool-city-region
Aigburth,,Liverpool,liverpool-city-region
Kensington,"Kensington, Liverpool",Liverpool,liverpool-city-region
Wavertree,,Liverpool,liverpool-city-region
Old Swan,,Liverpool,liverpool-city-region
Fairfield,"Fairfield, Liverpool",Liverpool,liverpool-city-region
Dingle,,Liverpool,liverpool-city-region
Kirkdale,,Liverpool,liverpool-city-region
Norris Green,,Liverpool,liverpool-city-region
Croxteth,,Liverpool,liverpool-city-region
Gateacre,,Liverpool,liverpool-city-region
Childwall,,Liverpool,liverpool-city-region
Mossley Hill,,Liverpool,liverpool-city-region
Sefton,,Sefton,liverpool-city-region
Bootle,,Sefton,liverpool-city-region
Crosby,Great Crosby,Sefton,liverpool-city-region
Waterloo,"Waterloo, Merseyside",Sefton,liverpool-city-region
Southport,,Sefton,liverpool-city-region
Formby,,Sefton,liverpool-city-region
Maghull,,Sefton,liverpool-city-region
Litherland,,Sefton,liverpool-city-region
Netherton,"Netherton, Merseyside",Sefton,liverpool-city-region
Birkdale,,Sefton,liverpool-city-region
Ainsdale,,Sefton,liverpool-city-region
Orrell (Sefton),Orrell,Sefton,liverpool-city-region
St Helens,Saint Helens|St. Helens,St Helens,liverpool-city-region
Newton-le-Willows,Newton le Willows,St Helens,liverpool-city-region
Rainhill,,St Helens,liverpool-city-region
Haydock,,St Helens,liverpool-city-region
Billinge (St Helens),Billinge|Billinge Chapel End,St Helens,liverpool-city-region
Eccleston (St Helens),Eccleston,St Helens,liverpool-city-region
Rainford,,St Helens,liverpool-city-region
Wirral,,Wirral,liverpool-city-region
Birkenhead,,Wirral,liverpool-city-region
Wallasey,,Wirral,liverpool-city-region
Bebington,,Wirral,liverpool-city-region
Heswall,,Wirral,liverpool-city-region
Hoylake,,Wirral,liverpool-city-region
West Kirby,,Wirral,liverpool-city-region
New Brighton,,Wirral,liverpool-city-region
Bromborough,,Wirral,liverpool-city-region
Prenton,,Wirral,liverpool-city-region
Moreton,"Moreton, Merseyside",Wirral,liverpool-city-region
Greasby,,Wirral,liverpool-city-region
