id,cluster,name,short,definition,lsip_terms,crosswalk
data-analysis,digital,Data literacy and analysis,Data analysis,"Collecting, organising, analysing and interpreting data, including statistics, spreadsheets and charts, to find patterns and support decisions.","There is a shortage of data skills (GM)|data analysis is another key skill that people are looking for (GM)|especially AI, data analysis (Lancs)|data literacy (LCR)|limited confidence in using data effectively (LCR)|digital and data capability (C&W)|data monitoring and analytics (C&W)|data-driven decision-making (Cumbria)|data handling, data analysis and AI (Cumbria)","ESS 2024: Complex numerical/statistical skills|Industrial Strategy 2025: AI, digital, management, and data skills|Skills England 2030: IT business analysts, architects and system designers (6 sectors)|Skills England 2026: AI foundation skills - analysing information|IS-8: digital-technologies|IS-8: financial-services|IS-8: life-sciences"
programming,digital,Programming and software,Programming,"Designing, writing, testing and debugging code and software, including algorithms, apps and the control of automated systems.","Software engineering continues to be a key skill (GM)|There is a shortage in AI and ML engineering skills (GM)|Programming and coding (Lancs)|higher skills including cyber and coding (Lancs)|growing demand for software developers (C&W)|SQL, Data Analysis, Agile Methodology, C# (C&W)|programming, operating, and maintaining automated systems (LCR)",ESS 2024 digital: App programming and development skills|ESS 2024: Advanced or specialist IT skills|Skills England 2030: Programmers and software development professionals (7 sectors)|Industrial Strategy 2025: TechFirst (computer science)|IS-8: digital-technologies|IS-8: creative|IS-8: defence|IS-8: advanced-manufacturing
digital-ai,digital,Digital tools and AI literacy,Digital & AI,"Using everyday digital tools and AI assistants confidently, safely and critically to communicate, organise information and get work done.",Strengthen digital skills provision for all sectors and occupational levels (GM)|a real lack of awareness of AI and what it can do (GM)|Digital skills & AI (Lancs)|AI Literacy and understanding (Lancs)|digital and AI capability as a critical and immediate skills gap (LCR)|baseline of AI literacy (LCR)|Digital skills are becoming a core competency across every sector (C&W)|AI literacy (C&W)|growing demand for digital capability (Cumbria),ESS 2024: Computer literacy / basic IT skills|ESS 2024 digital: Basic Microsoft Office applications skills|Skills England 2026: AI foundation skills for work|Skills England 2026: digital literacy|Industrial Strategy 2025: essential AI skills for 7.5 million workers by 2030|IS-8: digital-technologies
cyber-security,digital,Cyber security and IT systems,Cyber & IT,"Understanding how computers, networks and cloud services work and how to keep devices, systems and data secure.","There is a shortage of cybersecurity professionals (GM)|There is a shortage of skills in cloud computing (GM)|IT Technicians continue to be in demand (GM)|Cyber security (Lancs)|Infrastructure, cloud and connectivity (Lancs)|cyber skills (LCR)|cybersecurity and data analytics (C&W)|AI, robotics and cyber security on workforce skills (Cumbria)",ESS 2024: Advanced or specialist IT skills|ESS 2024 digital: Specialist software or hardware and internal systems skills|Industrial Strategy 2025: TechFirst (cyber security)|IS-8: digital-technologies|IS-8: defence
numeracy,stem,"Maths, modelling and numeracy",Maths,"Using numbers, algebra and mathematical models accurately to calculate, estimate and represent real situations.",Basic numerical skills and understanding (Cumbria)|GCSE Maths and numeracy (C&W)|data modelling skills (C&W),ESS 2024: Basic numerical skills|ESS 2024: Complex numerical/statistical skills|Skills England 2030: digital and STEM skills across occupations|IS-8: advanced-manufacturing|IS-8: financial-services
scientific-method,stem,Scientific method and lab skills,Lab science,"Planning and carrying out fair, safe experiments, taking accurate measurements and drawing conclusions from evidence while allowing for uncertainty.","laboratory technicians and technical specialists (LCR)|industry-ready technical skills, particularly in laboratory work (LCR)|Level 3 laboratory technician provision (C&W)|Strengthening laboratory and technical pathways at Levels 3–5 (C&W)|engineers for R&D positions are in short supply (GM)|Laboratory technicians (Lancs)|STEM talent pipelines (Lancs)",Skills England 2030: Life Sciences priority occupations|Industrial Strategy 2025: STEM|IS-8: life-sciences|IS-8: clean-energy
engineering,stem,Engineering and technical skills,Engineering,"Applying technical principles such as forces, electricity, materials and control systems to design, build, maintain or improve products and systems.","Address shortages in mechanical and electrical engineering (GM)|shortage of advanced degree-level engineering skills (GM)|Electrical engineers (Lancs)|increasingly specialised technical requirements (Lancs)|technician, maintenance engineering (LCR)|Automation, robotics and mechatronics (C&W)|Electrification, electro-technical and EV systems (C&W)|Higher technical skills (Level 4+) in engineering, energy and digital (Cumbria)","Skills England 2030: Engineering professionals, electrical and electronics engineers, engineering technicians (4-5 sectors)|Industrial Strategy 2025: engineering skills package|IS-8: advanced-manufacturing|IS-8: clean-energy|IS-8: defence"
practical-making,stem,Practical and hands-on skills,Hands-on,"Using tools, equipment and materials safely and precisely to make, install, repair or prepare things by hand.","A widely cited skills gap is in welding proficiency (GM)|Courses should have enhanced focus on developing practical skills (GM)|Fabricators & welders (Lancs)|the need for trades of all kinds (Lancs)|Insufficient supply of Level 2–3 technical and trade skills (Cumbria)|the people who will physically build, install and maintain the infrastructure (C&W)|practical capability rather than qualifications alone (LCR)|persistent shortages in skilled trades (LCR)",ESS 2024: Manual dexterity|ESS 2024: Adapting to new equipment or materials|Industrial Strategy 2025: construction skills package (site-ready)|IS-8: foundational|IS-8: advanced-manufacturing
sustainability,stem,Sustainability and net zero,Sustainability,"Understanding climate change, energy and resource use, and how to reduce environmental impact in products, buildings and organisations.",include low carbon skills (GM)|aligning advanced engineering with net-zero goals (Lancs)|strengthen green construction and retrofit skills (LCR)|baseline awareness of environmental standards and sustainable working practices (LCR)|Sustainability is becoming a cross-cutting competency requirement (C&W)|carbon reporting (C&W)|promote green skills opportunities to young people (Cumbria)|climate change and renewables (Cumbria),Industrial Strategy 2025: green jobs of the future|Skills England 2030: Clean Energy Industries (fastest projected growth)|IS-8: clean-energy|IS-8: foundational
commercial,business,Commercial and financial awareness,Commercial,"Understanding how organisations and self-employed people earn and manage money, including customers, markets, marketing, sales, costs and financial information.","There is a shortage of B2B business development and sales skills (GM)|sales, negotiation and client relationship skills (GM)|There is a demand for new skills in digital marketing (GM)|Digital marketing, design and social media (Lancs)|commercial awareness (LCR)|wider commercial capability (LCR)|blended finance literacy (C&W)|marketing and communications professionals (C&W)|grants and financial acumen (Cumbria)|business and commercial skills (Cumbria)",ESS 2024: Sales skills|ESS 2024: Knowledge of products and services offered|Skills England 2026: financial literacy|IS-8: financial-services|IS-8: professional-business
leadership,business,Leadership and management,Leadership,"Motivating and guiding other people, and planning and managing projects, resources and budgets so that shared goals are met.","Strengthen leadership and management capabilities across the workforce (GM)|accidental managers (GM)|Leadership & management (Lancs)|from supervisory, middle-management to leadership roles (Lancs)|Across all sectors, there is an expressed need to improve leadership skills (LCR)|without formal training in leadership, planning or coordination (LCR)|leadership and management as growing in importance (C&W)|Front-line supervisory roles are consistently hard to fill (C&W)|business and project management (C&W)|supervisory and people skills (Cumbria)|Project management an important consideration (Cumbria)","Skills Builder UF2: Leadership|ESS 2024: Managing or motivating other staff|ESS 2024: Setting objectives for others / planning resources|ESS 2024: Persuading or influencing others|ESS 2024: Instructing, teaching or training people|Industrial Strategy 2025: management skills|Skills England 2026: AI leadership apprenticeship units"
law-ethics,business,"Law, ethics and safety",Law & ethics,"Understanding and applying laws, regulations, safety rules and ethical principles, including health and safety, safeguarding, data protection and responsible use of AI.","ethics and responsible usage (GM)|changes in compliance or service delivery requirements (GM)|Responsible and ethical use of AI (Lancs)|Safeguarding, CQC compliance and quality (Lancs)|compliance, regulation and green transition skills (LCR)|understanding of health and safety requirements (LCR)|regulatory and compliance knowledge (C&W)|health and safety standards (C&W)|knowledge of current regulations (Cumbria)|net zero regulations within project management (Cumbria)",ESS 2024: new legislative or regulatory requirements (reason for upskilling)|Skills England 2026: responsible and ethical AI foundation skills|IS-8: financial-services|IS-8: life-sciences|IS-8: foundational
writing,communication,Written communication,Writing,"Writing clear, accurate and well-structured text, such as reports, emails and arguments, for different readers and purposes.","the ability to compose clear and professional emails (GM)|Writing-heavy roles (GM)|the standard of written and spoken English among applicants (LCR)|communicate effectively, both in written form and in spoken interactions (LCR)|a literacy skills pilot (LCR)|basic/functional skills such as Maths, English, basic IT (Cumbria)","ESS 2024: Writing instructions, reports etc.|ESS 2024: Reading/understanding instructions, reports etc.|Skills England 2026: communication skills"
speaking,communication,"Speaking, listening and presenting",Speaking,"Listening carefully and speaking clearly and confidently, including explaining ideas, presenting and discussing with different audiences.","confidence and communication skills are key (GM)|Being able to interpret and communicate data (GM)|communication (speaking formally) (LCR)|verbal communication was a concern for 22% (LCR)|communication habits (C&W)|customer service, communication, and work readiness (Cumbria)",Skills Builder UF2: Speaking|Skills Builder UF2: Listening|ESS 2024: Making speeches or presentations|Skills England 2026: communication skills
languages,communication,Languages and cultural awareness,Languages,"Understanding and communicating in a language other than English, and appreciating other cultures and ways of life.",,ESS 2024: Communicating in a foreign language
care-empathy,people,"Care, empathy and wellbeing",Care & empathy,"Understanding people's physical and mental health and wellbeing needs, and supporting them with empathy, dignity and respect.","There is a severe shortage of healthcare assistants (GM)|Ongoing development training in particular care skills (Lancs)|General care certificate standards (Lancs)|compassion, stamina (Cumbria)|mental health awareness (Cumbria)|interpersonal resilience required for front-line care work (C&W)|workforce wellbeing (C&W)|maintaining high standards of care (LCR)",Skills England 2030: Care workers and home carers (largest projected growth)|Skills England 2026: 'human' skills such as empathy|IS-8: foundational
teamwork,people,Teamwork and collaboration,Teamwork,"Working cooperatively with others towards a shared aim, sharing tasks, ideas and responsibility.","Core employability skills (communication, teamwork, reliability) (Cumbria)|Teamworking (Cumbria)|collaboration, negotiation, time management, communication (Cumbria)|learn soft skills – teamwork, communication, problem-solving (C&W)|a workforce that can operate across disciplines (LCR)",Skills Builder UF2: Teamwork|ESS 2024: Team working|Skills England 2026: work well with others
customer-service,people,Customer and client service,Customers,"Understanding what customers, clients or service users need and helping them in a friendly, professional way, including handling problems and complaints.","There is a shortage of customer service skills within the logistics sector (GM)|placing an emphasis on interpersonal skills (GM)|customer-facing roles (LCR)|customer service agents (LCR)|supervisory and people skills, particularly customer service (Cumbria)|customer care (Cumbria)|Front of house (Lancs)|Customer Service Occupations (C&W)",ESS 2024: Customer handling skills|ESS 2024 group: Sales and customer skills|Skills England 2026: engage confidently with customers
self-management,people,Self-management and resilience,Managing self,"Organising time and tasks independently, staying reliable and professional, and adapting and persevering when things change or go wrong.","lack of work readiness amongst candidates entering the labour market (GM)|technicians should be adaptable (GM)|work readiness / employability skills (Lancs)|stronger behaviours, confidence and retention rates (Lancs)|improve work readiness of new entrants to the workforce (LCR)|professionalism, resilience, and reliability (LCR)|Reliability and commitment are the biggest challenges (LCR)|without the workplace behaviours, communication habits, reliability and practical readiness (C&W)|essential business skills (C&W)|Resilience and emotional intelligence is important for recruits and staff (Cumbria)|Ability to manage own time/prioritise tasks (Cumbria)|applicants with the required attitude, motivation or personality (Cumbria)",Skills Builder UF2: Planning|Skills Builder UF2: Adapting|ESS 2024: Managing own time and task prioritisation|ESS 2024: Managing own feelings / handling those of others|Skills England 2026: work-ready recruits|Skills England 2026: adaptability
critical-thinking,thinking,Research and critical thinking,Crit. thinking,"Finding and weighing up evidence and information from different sources, questioning claims (including AI outputs) and reaching well-reasoned judgements.","Critical evaluation of AI outputs (Lancs)|critically assess information and use data effectively (LCR)|critically review what it produces (LCR)|problem-solving, professional judgement (LCR)|turn research into commercial success (LCR)|strategic thinking (GM)|analytical, advisory and digital roles (C&W)|editorial judgement (C&W)|biomedical researchers (C&W)",Skills England 2026: critical thinking and analytical skills|Skills England 2026: critical judgement when using AI tools|Skills England 2026: AI foundation skills - analysing information
problem-solving,thinking,Problem-solving,Prob. solving,"Breaking down unfamiliar or complex problems, choosing and applying suitable methods, and testing and improving solutions.","communication, problem-solving, professional (LCR)|literacy, communication (speaking formally), problem-solving (LCR)|troubleshooting robotic systems (LCR)|teamwork, communication, problem-solving (C&W)|communications, management and problem solving (C&W)|solve advanced technical problems (GM)",Skills Builder UF2: Problem Solving|ESS 2024: Solving complex problems|Skills England 2026: problem solving
creativity,thinking,"Creativity, design and innovation",Creativity,"Generating original ideas and developing them through an iterative design process, from brief and concept to a refined outcome.",Designers are expected to integrate AI and digital techniques (GM)|motion and interactive design (GM)|website design (Lancs)|fusion skills that combine creativity with digital and technical competence (LCR)|engineering design capability (C&W)|sustainable design and resource efficiency (C&W)|creative direction (C&W),"Skills Builder UF2: Creativity|ESS 2024: Creative and innovative thinking|ESS 2024 digital group: Design, animation and graphics skills (incl. CAD)|IS-8: creative"
content-production,thinking,Media and content production,Media making,"Producing media and digital content such as video, audio, photography, graphics, web and social media using industry tools and techniques.","social content creator (GM)|technical skills for live performance (GM)|augmented reality and virtual reality skills (GM)|digital content and user-experience roles (Lancs)|strengthen digital content and production (LCR)|AI-assisted production, immersive technologies, and data-driven content creation (LCR)|digital content creation (C&W)","ESS 2024 digital group: Design, animation and graphics skills (multimedia production)|IS-8: creative"
