subject,skill,score,evidence,source
Geography,data-analysis,2,"DfE geography requires 'quantitative and qualitative skills and approaches' and geospatial data (p.4), assessed across papers and the NEA.",https://assets.publishing.service.gov.uk/media/5a7cf7f6e5274a2af0ae2927/GCE_AS_and_A_level_subject_content_for_geography.pdf p.4; https://www.aqa.org.uk/subjects/geography/a-level/geography-7037/specification/specification-at-a-glance
Geography,programming,0,,
Geography,digital-ai,1,,
Geography,cyber-security,0,,
Geography,numeracy,2,"AO3 (20-30% of A-level) assesses quantitative/fieldwork skills incl. descriptive/inferential statistics, sampling (DfE p.12-13).",https://assets.publishing.service.gov.uk/media/5a7cf7f6e5274a2af0ae2927/GCE_AS_and_A_level_subject_content_for_geography.pdf p.12-13; https://www.aqa.org.uk/subjects/geography/a-level/geography-7037/specification/specification-at-a-glance scheme of assessment
Geography,scientific-method,1,,
Geography,engineering,0,,
Geography,practical-making,1,,
Geography,sustainability,2,"Core theme requires study of climate, resilience, mitigation/adaptation as specialised concepts (p.3-4); half of non-core content addresses people-environment issues (p.5).",https://assets.publishing.service.gov.uk/media/5a7cf7f6e5274a2af0ae2927/GCE_AS_and_A_level_subject_content_for_geography.pdf p.3-5
Geography,commercial,0,,
Geography,leadership,0,,
Geography,law-ethics,1,,
Geography,writing,3,NEA (20%) requires 'a coherent analysis of fieldwork findings' via extended writing (p.14-15); AO requires 'construct extended written argument' (p.12).,https://assets.publishing.service.gov.uk/media/5a7cf7f6e5274a2af0ae2927/GCE_AS_and_A_level_subject_content_for_geography.pdf p.12-15; https://www.aqa.org.uk/subjects/geography/a-level/geography-7037/specification/specification-at-a-glance
Geography,speaking,0,,
Geography,languages,0,,
Geography,care-empathy,0,,
Geography,teamwork,1,,
Geography,customer-service,0,,
Geography,self-management,2,"NEA (20%, AQA Component 3): independent investigation 'defined and developed by the student individually' (p.14).",https://assets.publishing.service.gov.uk/media/5a7cf7f6e5274a2af0ae2927/GCE_AS_and_A_level_subject_content_for_geography.pdf p.14; https://www.aqa.org.uk/subjects/geography/a-level/geography-7037/specification/specification-at-a-glance
Geography,critical-thinking,3,"AQA 7037 NEA (20%): an individual investigation of 3,000-4,000 words on 'a question or issue defined and developed by the student', including 'data collected in the field'.",https://www.aqa.org.uk/subjects/geography/a-level/geography-7037/specification/specification-at-a-glance; https://assets.publishing.service.gov.uk/media/5a7cf7f6e5274a2af0ae2927/GCE_AS_and_A_level_subject_content_for_geography.pdf p.14
Geography,problem-solving,1,,
Geography,creativity,1,,
Geography,content-production,0,,
History,data-analysis,0,,
History,programming,0,,
History,digital-ai,0,,
History,cyber-security,0,,
History,numeracy,0,,
History,scientific-method,0,,
History,engineering,0,,
History,practical-making,0,,
History,sustainability,0,,
History,commercial,0,,
History,leadership,0,,
History,law-ethics,1,,
History,writing,3,"DfE history: 'use historical sources critically', plus 'a historical enquiry that is independently researched' (p.3). All assessment is extended written argument.",https://assets.publishing.service.gov.uk/media/5a7e5050ed915d74e33f1704/A_level_history_subject_content.pdf p.3; https://www.aqa.org.uk/subjects/history/a-level/history-7042/specification/specification-at-a-glance
History,speaking,0,,
History,languages,0,,
History,care-empathy,0,,
History,teamwork,0,,
History,customer-service,0,,
History,self-management,2,"AQA 7042 Historical Investigation NEA (20%, 3500-4500 words), independently researched (DfE p.3).",https://assets.publishing.service.gov.uk/media/5a7e5050ed915d74e33f1704/A_level_history_subject_content.pdf p.3; https://www.aqa.org.uk/subjects/history/a-level/history-7042/specification/specification-at-a-glance
History,critical-thinking,3,"DfE history: 'use historical sources critically', plus 'a historical enquiry that is independently researched' (p.3). All assessment is extended written argument.",https://assets.publishing.service.gov.uk/media/5a7e5050ed915d74e33f1704/A_level_history_subject_content.pdf p.3; https://www.aqa.org.uk/subjects/history/a-level/history-7042/specification/specification-at-a-glance
History,problem-solving,1,,
History,creativity,1,,
History,content-production,0,,
Politics,data-analysis,1,,
Politics,programming,0,,
Politics,digital-ai,0,,
Politics,cyber-security,0,,
Politics,numeracy,0,,
Politics,scientific-method,0,,
Politics,engineering,0,,
Politics,practical-making,0,,
Politics,sustainability,0,,
Politics,commercial,0,,
Politics,leadership,1,,
Politics,law-ethics,2,"DfE politics requires debate on 'the main sources of rights in the UK...how individual and collective rights may conflict' (p.5), examined via essays.",https://assets.publishing.service.gov.uk/media/6287a7bed3bf7f1f40ca5111/GCE_subject_content_politics_May_2022.pdf p.5; https://www.aqa.org.uk/subjects/politics/a-level/politics-7152/specification/specification-at-a-glance
Politics,writing,3,"AQA 7152: three exam papers (100%) require students to 'construct and communicate arguments and explanations with relevance, clarity and coherence' (DfE p.12).",https://assets.publishing.service.gov.uk/media/6287a7bed3bf7f1f40ca5111/GCE_subject_content_politics_May_2022.pdf p.12; https://www.aqa.org.uk/subjects/politics/a-level/politics-7152/specification/specification-at-a-glance
Politics,speaking,0,,
Politics,languages,0,,
Politics,care-empathy,0,,
Politics,teamwork,0,,
Politics,customer-service,0,,
Politics,self-management,1,,
Politics,critical-thinking,3,"DfE politics: 'develop the ability to critically analyse, interpret and evaluate political information to form arguments and make judgments' (p.3); all 3 exam papers assess this.","https://assets.publishing.service.gov.uk/media/6287a7bed3bf7f1f40ca5111/GCE_subject_content_politics_May_2022.pdf p.3, p.12; https://www.aqa.org.uk/subjects/politics/a-level/politics-7152/specification/specification-at-a-glance"
Politics,problem-solving,0,,
Politics,creativity,0,,
Politics,content-production,0,,
Sociology,data-analysis,2,"DfE requires 'collection of primary and secondary data' and 'analysis of quantitative and qualitative data' (p.1), assessed in Theory & Methods sections of Papers 1 and 3.",https://assets.publishing.service.gov.uk/media/5a7db91240f0b65d8863403a/A_level_sociology_subject_content.pdf p.1; https://www.aqa.org.uk/subjects/sociology/a-level/sociology-7192/specification/specification-at-a-glance
Sociology,programming,0,,
Sociology,digital-ai,0,,
Sociology,cyber-security,0,,
Sociology,numeracy,1,,
Sociology,scientific-method,2,"DfE 'Methods of sociological enquiry' requires research design, primary/secondary data collection and research ethics (p.1-2), examined in Theory & Methods sections.",https://assets.publishing.service.gov.uk/media/5a7db91240f0b65d8863403a/A_level_sociology_subject_content.pdf p.1-2; https://www.aqa.org.uk/subjects/sociology/a-level/sociology-7192/specification/specification-at-a-glance
Sociology,engineering,0,,
Sociology,practical-making,0,,
Sociology,sustainability,0,,
Sociology,commercial,0,,
Sociology,leadership,0,,
Sociology,law-ethics,1,,
Sociology,writing,3,"AQA 7192: three exam papers (100%, exam-only) require students to 'organise evidence and communicate arguments in a coherent manner' (DfE p.2).",https://assets.publishing.service.gov.uk/media/5a7db91240f0b65d8863403a/A_level_sociology_subject_content.pdf p.2; https://www.aqa.org.uk/subjects/sociology/a-level/sociology-7192/specification/specification-at-a-glance
Sociology,speaking,0,,
Sociology,languages,0,,
Sociology,care-empathy,0,,
Sociology,teamwork,0,,
Sociology,customer-service,0,,
Sociology,self-management,1,,
Sociology,critical-thinking,3,"DfE sociology: 'evaluate theories, arguments and evidence' and 'identify and evaluate significant social trends shown in evidence' (p.2); core to 100% exam assessment.",https://assets.publishing.service.gov.uk/media/5a7db91240f0b65d8863403a/A_level_sociology_subject_content.pdf p.2; https://www.aqa.org.uk/subjects/sociology/a-level/sociology-7192/specification/specification-at-a-glance
Sociology,problem-solving,0,,
Sociology,creativity,0,,
Sociology,content-production,0,,
Philosophy,data-analysis,0,,
Philosophy,programming,0,,
Philosophy,digital-ai,0,,
Philosophy,cyber-security,0,,
Philosophy,numeracy,0,,
Philosophy,scientific-method,0,,
Philosophy,engineering,0,,
Philosophy,practical-making,0,,
Philosophy,sustainability,0,,
Philosophy,commercial,0,,
Philosophy,leadership,0,,
Philosophy,law-ethics,2,"Moral philosophy is 1 of 4 equal A-level topics (25%): meta-ethics, normative and applied ethics 'to address/resolve issues within...specified controversial issues' (DfE p.5).",https://assets.publishing.service.gov.uk/media/5a7f4e37ed915d74e6229a70/Philosophy_AS_and_A_level_formatted.pdf p.5; https://www.aqa.org.uk/subjects/philosophy/a-level/philosophy-7172/specification/specification-at-a-glance
Philosophy,writing,3,"AQA 7172: 100% exam, two 3-hour essay papers; DfE aim: 'develop and refine their writing skills, demonstrating the ability to be precise, concise and accurate' (p.3).",https://assets.publishing.service.gov.uk/media/5a7f4e37ed915d74e6229a70/Philosophy_AS_and_A_level_formatted.pdf p.3; https://www.aqa.org.uk/subjects/philosophy/a-level/philosophy-7172/specification/specification-at-a-glance
Philosophy,speaking,0,,
Philosophy,languages,0,,
Philosophy,care-empathy,0,,
Philosophy,teamwork,0,,
Philosophy,customer-service,0,,
Philosophy,self-management,1,,
Philosophy,critical-thinking,3,"DfE philosophy: 'develop their ability to identify argument forms, and analyse and evaluate arguments' (p.3); 'articulating arguments and counter-arguments' (p.4). Core to 100% exam.",https://assets.publishing.service.gov.uk/media/5a7f4e37ed915d74e6229a70/Philosophy_AS_and_A_level_formatted.pdf p.3-4; https://www.aqa.org.uk/subjects/philosophy/a-level/philosophy-7172/specification/specification-at-a-glance
Philosophy,problem-solving,0,,
Philosophy,creativity,0,,
Philosophy,content-production,0,,
Religious Studies,data-analysis,0,,
Religious Studies,programming,0,,
Religious Studies,digital-ai,0,,
Religious Studies,cyber-security,0,,
Religious Studies,numeracy,0,,
Religious Studies,scientific-method,0,,
Religious Studies,engineering,0,,
Religious Studies,practical-making,0,,
Religious Studies,sustainability,0,,
Religious Studies,commercial,0,,
Religious Studies,leadership,0,,
Religious Studies,law-ethics,2,"Religion and ethics is a compulsory approach (AQA 7062 Component 1, 50%): 3 normative ethical theories applied to 'personal, societal or global issues' (DfE p.5).",https://assets.publishing.service.gov.uk/media/5a756b46e5274a1baf95e6dd/Religious_Studies_AS_and_A_level_subject_content.pdf p.5; https://www.aqa.org.uk/subjects/religious-studies/a-level/religious-studies-7062/specification/specification-at-a-glance
Religious Studies,writing,3,AQA 7062: 100% exam; DfE requires students to 'construct well informed and reasoned arguments substantiated by relevant evidence' and 'present responses...clear and coherent' (p.7).,https://assets.publishing.service.gov.uk/media/5a756b46e5274a1baf95e6dd/Religious_Studies_AS_and_A_level_subject_content.pdf p.7; https://www.aqa.org.uk/subjects/religious-studies/a-level/religious-studies-7062/specification/specification-at-a-glance
Religious Studies,speaking,0,,
Religious Studies,languages,0,,
Religious Studies,care-empathy,0,,
Religious Studies,teamwork,0,,
Religious Studies,customer-service,0,,
Religious Studies,self-management,1,,
Religious Studies,critical-thinking,3,"DfE RS: 'adopt an enquiring, critical and reflective approach' (p.3); A level requires students to 'critically analyse and evaluate the views and arguments of scholars/academics' (p.8).","https://assets.publishing.service.gov.uk/media/5a756b46e5274a1baf95e6dd/Religious_Studies_AS_and_A_level_subject_content.pdf p.3, p.8; https://www.aqa.org.uk/subjects/religious-studies/a-level/religious-studies-7062/specification/specification-at-a-glance"
Religious Studies,problem-solving,0,,
Religious Studies,creativity,0,,
Religious Studies,content-production,0,,
Criminology,data-analysis,2,"Unit 1 'Changing awareness of crime' covers how crime is measured (crime statistics, victim surveys), an internally-assessed unit (1 of 4).",https://www.eduqas.co.uk/media/yzqlsmq4/wjec-applied-diploma-in-criminology-spec-e-22-06-22-2.pdf Unit 1
Criminology,programming,0,,
Criminology,digital-ai,0,,
Criminology,cyber-security,0,,
Criminology,numeracy,1,,
Criminology,scientific-method,1,,
Criminology,engineering,0,,
Criminology,practical-making,0,,
Criminology,sustainability,0,,
Criminology,commercial,0,,
Criminology,leadership,0,,
Criminology,law-ethics,3,"Units 3-4 (of 4, ~50% of content) cover the criminal justice process, courts, sentencing and punishment, both externally/internally assessed — core to the qualification.",https://www.eduqas.co.uk/media/yzqlsmq4/wjec-applied-diploma-in-criminology-spec-e-22-06-22-2.pdf Units 3-4
Criminology,writing,2,"Written controlled-assessment reports (Units 1 and 3, internal) and exam essays (Units 2 and 4) are regularly assessed.",https://www.eduqas.co.uk/media/yzqlsmq4/wjec-applied-diploma-in-criminology-spec-e-22-06-22-2.pdf
Criminology,speaking,1,,
Criminology,languages,0,,
Criminology,care-empathy,1,,
Criminology,teamwork,0,,
Criminology,customer-service,0,,
Criminology,self-management,2,"Units 1 and 3 (40% of the qualification, from Sept 2026 weighting) are internally-assessed extended controlled-assessment tasks.",https://www.eduqas.co.uk/media/yzqlsmq4/wjec-applied-diploma-in-criminology-spec-e-22-06-22-2.pdf
Criminology,critical-thinking,2,Unit 2 requires evaluating competing criminological theories of crime; Unit 4 evaluates sentencing and campaigns for legal change (both exam units).,"https://www.eduqas.co.uk/media/yzqlsmq4/wjec-applied-diploma-in-criminology-spec-e-22-06-22-2.pdf Units 2, 4"
Criminology,problem-solving,0,,
Criminology,creativity,0,,
Criminology,content-production,1,,
English Language,data-analysis,2,DfE requires analysing language 'data' systematically (p.1-2); NEA Language Investigation (part of 20% NEA) is a data-based independent study.,https://assets.publishing.service.gov.uk/media/5a7ea47040f0b6230268a9be/A_level_English_language_subject_content.pdf p.1-2; https://www.aqa.org.uk/subjects/english/a-level/english-7702/specification/specification-at-a-glance
English Language,programming,0,,
English Language,digital-ai,0,,
English Language,cyber-security,0,,
English Language,numeracy,0,,
English Language,scientific-method,0,,
English Language,engineering,0,,
English Language,practical-making,0,,
English Language,sustainability,0,,
English Language,commercial,0,,
English Language,leadership,0,,
English Language,law-ethics,0,,
English Language,writing,3,DfE aim: 'develop their skills as producers...of language' (p.1); NEA 'Language in Action' (20%) includes an original writing task marked out of 50.,https://assets.publishing.service.gov.uk/media/5a7ea47040f0b6230268a9be/A_level_English_language_subject_content.pdf p.1; https://www.aqa.org.uk/subjects/english/a-level/english-7702/specification/specification-at-a-glance
English Language,speaking,1,,
English Language,languages,1,,
English Language,care-empathy,0,,
English Language,teamwork,0,,
English Language,customer-service,0,,
English Language,self-management,2,"NEA (20%) requires students to 'undertake independent investigations of language, selecting appropriate methods and techniques' (DfE p.2).",https://assets.publishing.service.gov.uk/media/5a7ea47040f0b6230268a9be/A_level_English_language_subject_content.pdf p.2; https://www.aqa.org.uk/subjects/english/a-level/english-7702/specification/specification-at-a-glance
English Language,critical-thinking,3,"DfE: 'critically evaluate attitudes towards language and its users' (p.2); 'apply critical and creative skills in...evaluation, analysis, interpretation' (p.2).",https://assets.publishing.service.gov.uk/media/5a7ea47040f0b6230268a9be/A_level_English_language_subject_content.pdf p.2; https://www.aqa.org.uk/subjects/english/a-level/english-7702/specification/specification-at-a-glance
English Language,problem-solving,0,,
English Language,creativity,2,"NEA original writing task (part of 20% NEA, marked out of 25) requires creative production; DfE aim: 'engage creatively and critically' (p.1).",https://assets.publishing.service.gov.uk/media/5a7ea47040f0b6230268a9be/A_level_English_language_subject_content.pdf p.1; https://www.aqa.org.uk/subjects/english/a-level/english-7702/specification/specification-at-a-glance NEA guidance
English Language,content-production,0,,
English Literature,data-analysis,0,,
English Literature,programming,0,,
English Literature,digital-ai,0,,
English Literature,cyber-security,0,,
English Literature,numeracy,0,,
English Literature,scientific-method,0,,
English Literature,engineering,0,,
English Literature,practical-making,0,,
English Literature,sustainability,0,,
English Literature,commercial,0,,
English Literature,leadership,0,,
English Literature,law-ethics,0,,
English Literature,writing,3,"DfE: students must 'communicate fluently, accurately and effectively their knowledge, understanding and judgement of texts' (p.2-3); assessed via two 40% exams plus 20% NEA essay.",https://assets.publishing.service.gov.uk/media/5a7eb05740f0b6230268ae6b/A_level_English_literature_content.pdf p.2-3; https://www.aqa.org.uk/subjects/english/a-level/english-7712/specification/specification-at-a-glance
English Literature,speaking,0,,
English Literature,languages,0,,
English Literature,care-empathy,0,,
English Literature,teamwork,0,,
English Literature,customer-service,0,,
English Literature,self-management,2,"AQA 7712 NEA (20%) 'Independent critical study: texts across time': one extended essay plus bibliography, independently researched.",https://assets.publishing.service.gov.uk/media/5a7eb05740f0b6230268ae6b/A_level_English_literature_content.pdf; https://www.aqa.org.uk/subjects/english/a-level/english-7712/specification/specification-at-a-glance
English Literature,critical-thinking,3,DfE: 'read texts...respond critically and creatively' (p.2); 'draw on their understanding of different interpretations in responding to and evaluating texts' (p.2); core to 100% assessment.,https://assets.publishing.service.gov.uk/media/5a7eb05740f0b6230268ae6b/A_level_English_literature_content.pdf p.2; https://www.aqa.org.uk/subjects/english/a-level/english-7712/specification/specification-at-a-glance
English Literature,problem-solving,0,,
English Literature,creativity,1,,
English Literature,content-production,0,,
English Language & Literature,data-analysis,1,,
English Language & Literature,programming,0,,
English Language & Literature,digital-ai,0,,
English Language & Literature,cyber-security,0,,
English Language & Literature,numeracy,0,,
English Language & Literature,scientific-method,0,,
English Language & Literature,engineering,0,,
English Language & Literature,practical-making,0,,
English Language & Literature,sustainability,0,,
English Language & Literature,commercial,0,,
English Language & Literature,leadership,0,,
English Language & Literature,law-ethics,0,,
English Language & Literature,writing,3,"DfE: 'use a range of techniques to produce and evaluate the effectiveness of texts for different audiences and purposes' (p.2); NEA 'Theory and independence' (20%, two essays) plus two 40% exams.",https://assets.publishing.service.gov.uk/media/5a75afd7e5274a545822d70b/A_level_English_language_and_literature_content.pdf p.2; https://www.aqa.org.uk/subjects/english/a-level/english-7717/specification/specification-at-a-glance
English Language & Literature,speaking,0,,
English Language & Literature,languages,1,,
English Language & Literature,care-empathy,0,,
English Language & Literature,teamwork,0,,
English Language & Literature,customer-service,0,,
English Language & Literature,self-management,2,"AQA 7717 NEA (20%, 'Theory and independence'): two essays; DfE requires students to 'undertake independent and sustained studies' (p.1).",https://assets.publishing.service.gov.uk/media/5a75afd7e5274a545822d70b/A_level_English_language_and_literature_content.pdf p.1; https://www.aqa.org.uk/subjects/english/a-level/english-7717/specification/specification-at-a-glance
English Language & Literature,critical-thinking,3,DfE: 'explore connections across a wide range of literary and non-literary texts' and 'synthesise and reflect' (p.2); core to 100% assessment (exams + NEA).,https://assets.publishing.service.gov.uk/media/5a75afd7e5274a545822d70b/A_level_English_language_and_literature_content.pdf p.2; https://www.aqa.org.uk/subjects/english/a-level/english-7717/specification/specification-at-a-glance
English Language & Literature,problem-solving,0,,
English Language & Literature,creativity,2,"DfE requires students to 'use English appropriately, accurately and creatively' (p.2) and 'engage creatively and critically with a wide range of texts' (p.1).",https://assets.publishing.service.gov.uk/media/5a75afd7e5274a545822d70b/A_level_English_language_and_literature_content.pdf p.1-2; https://www.aqa.org.uk/subjects/english/a-level/english-7717/specification/specification-at-a-glance
English Language & Literature,content-production,0,,
French,data-analysis,0,,
French,programming,0,,
French,digital-ai,1,,
French,cyber-security,0,,
French,numeracy,0,,
French,scientific-method,0,,
French,engineering,0,,
French,practical-making,0,,
French,sustainability,0,,
French,commercial,0,,
French,leadership,0,,
French,law-ethics,0,,
French,writing,3,"AQA 7652 Paper 2 (Writing, 20%) plus Paper 1 writing tasks; DfE requires 'develop arguments; persuade; and analyse and evaluate' in writing, and translation both ways (p.4-5).",https://assets.publishing.service.gov.uk/media/64aebaa0fe36e0000d6fa848/GCE_AS_and_A_level_subject_content_for_modern_foreign_languages.pdf p.4-5; https://www.aqa.org.uk/subjects/french/a-level/french-7652/specification/specification-at-a-glance
French,speaking,3,"AQA 7652 Paper 3: a speaking exam worth 30%, including presentation and discussion of an individual research project. DfE MFL: communicate 'through oral presentation and discussion' (p.6).",https://assets.publishing.service.gov.uk/media/64aebaa0fe36e0000d6fa848/GCE_AS_and_A_level_subject_content_for_modern_foreign_languages.pdf p.6; https://www.aqa.org.uk/subjects/french/a-level/french-7652/specification/specification-at-a-glance
French,languages,3,"AQA 7652 Paper 3: a speaking exam worth 30%, including presentation and discussion of an individual research project. DfE MFL: communicate 'through oral presentation and discussion' (p.6).",https://assets.publishing.service.gov.uk/media/64aebaa0fe36e0000d6fa848/GCE_AS_and_A_level_subject_content_for_modern_foreign_languages.pdf p.6; https://www.aqa.org.uk/subjects/french/a-level/french-7652/specification/specification-at-a-glance
French,care-empathy,0,,
French,teamwork,0,,
French,customer-service,0,,
French,self-management,2,"A level requires an independent research project ('identify a key question...select relevant information...analyse and summarise', DfE p.6), assessed as a live oral performance in Paper 3 (30%).",https://assets.publishing.service.gov.uk/media/64aebaa0fe36e0000d6fa848/GCE_AS_and_A_level_subject_content_for_modern_foreign_languages.pdf p.6; https://www.aqa.org.uk/subjects/french/a-level/french-7652/specification/specification-at-a-glance
French,critical-thinking,2,"DfE: 'develop their capacity for critical and analytical thinking through the language of study' (p.4, A-level only); assessed via 2 literary/film works and the research project.",https://assets.publishing.service.gov.uk/media/64aebaa0fe36e0000d6fa848/GCE_AS_and_A_level_subject_content_for_modern_foreign_languages.pdf p.4; https://www.aqa.org.uk/subjects/french/a-level/french-7652/specification/specification-at-a-glance
French,problem-solving,0,,
French,creativity,1,,
French,content-production,0,,
Spanish,data-analysis,0,,
Spanish,programming,0,,
Spanish,digital-ai,1,,
Spanish,cyber-security,0,,
Spanish,numeracy,0,,
Spanish,scientific-method,0,,
Spanish,engineering,0,,
Spanish,practical-making,0,,
Spanish,sustainability,0,,
Spanish,commercial,0,,
Spanish,leadership,0,,
Spanish,law-ethics,0,,
Spanish,writing,3,"AQA 7692 Paper 2 (Writing, 20%) plus Paper 1 writing tasks; DfE requires 'develop arguments; persuade; and analyse and evaluate' in writing, and translation both ways (p.4-5).",https://assets.publishing.service.gov.uk/media/64aebaa0fe36e0000d6fa848/GCE_AS_and_A_level_subject_content_for_modern_foreign_languages.pdf p.4-5; https://www.aqa.org.uk/subjects/spanish/a-level/spanish-7692/specification/specification-at-a-glance
Spanish,speaking,3,"AQA 7652 Paper 3: a speaking exam worth 30%, including presentation and discussion of an individual research project. DfE MFL: communicate 'through oral presentation and discussion' (p.6).",https://assets.publishing.service.gov.uk/media/64aebaa0fe36e0000d6fa848/GCE_AS_and_A_level_subject_content_for_modern_foreign_languages.pdf p.6; https://www.aqa.org.uk/subjects/spanish/a-level/spanish-7692/specification/specification-at-a-glance
Spanish,languages,3,"AQA 7652 Paper 3: a speaking exam worth 30%, including presentation and discussion of an individual research project. DfE MFL: communicate 'through oral presentation and discussion' (p.6).",https://assets.publishing.service.gov.uk/media/64aebaa0fe36e0000d6fa848/GCE_AS_and_A_level_subject_content_for_modern_foreign_languages.pdf p.6; https://www.aqa.org.uk/subjects/spanish/a-level/spanish-7692/specification/specification-at-a-glance
Spanish,care-empathy,0,,
Spanish,teamwork,0,,
Spanish,customer-service,0,,
Spanish,self-management,2,"A level requires an independent research project ('identify a key question...select relevant information...analyse and summarise', DfE p.6), assessed as a live oral performance in Paper 3 (30%).",https://assets.publishing.service.gov.uk/media/64aebaa0fe36e0000d6fa848/GCE_AS_and_A_level_subject_content_for_modern_foreign_languages.pdf p.6; https://www.aqa.org.uk/subjects/spanish/a-level/spanish-7692/specification/specification-at-a-glance
Spanish,critical-thinking,2,"DfE: 'develop their capacity for critical and analytical thinking through the language of study' (p.4, A-level only); assessed via 2 literary/film works and the research project.",https://assets.publishing.service.gov.uk/media/64aebaa0fe36e0000d6fa848/GCE_AS_and_A_level_subject_content_for_modern_foreign_languages.pdf p.4; https://www.aqa.org.uk/subjects/spanish/a-level/spanish-7692/specification/specification-at-a-glance
Spanish,problem-solving,0,,
Spanish,creativity,1,,
Spanish,content-production,0,,
German,data-analysis,0,,
German,programming,0,,
German,digital-ai,1,,
German,cyber-security,0,,
German,numeracy,0,,
German,scientific-method,0,,
German,engineering,0,,
German,practical-making,0,,
German,sustainability,0,,
German,commercial,0,,
German,leadership,0,,
German,law-ethics,0,,
German,writing,3,"AQA 7662 Paper 2 (Writing, 20%) plus Paper 1 writing tasks; DfE requires 'develop arguments; persuade; and analyse and evaluate' in writing, and translation both ways (p.4-5).",https://assets.publishing.service.gov.uk/media/64aebaa0fe36e0000d6fa848/GCE_AS_and_A_level_subject_content_for_modern_foreign_languages.pdf p.4-5; https://www.aqa.org.uk/subjects/german/a-level/german-7662/specification/specification-at-a-glance
German,speaking,3,"AQA 7652 Paper 3: a speaking exam worth 30%, including presentation and discussion of an individual research project. DfE MFL: communicate 'through oral presentation and discussion' (p.6).",https://assets.publishing.service.gov.uk/media/64aebaa0fe36e0000d6fa848/GCE_AS_and_A_level_subject_content_for_modern_foreign_languages.pdf p.6; https://www.aqa.org.uk/subjects/german/a-level/german-7662/specification/specification-at-a-glance
German,languages,3,"AQA 7652 Paper 3: a speaking exam worth 30%, including presentation and discussion of an individual research project. DfE MFL: communicate 'through oral presentation and discussion' (p.6).",https://assets.publishing.service.gov.uk/media/64aebaa0fe36e0000d6fa848/GCE_AS_and_A_level_subject_content_for_modern_foreign_languages.pdf p.6; https://www.aqa.org.uk/subjects/german/a-level/german-7662/specification/specification-at-a-glance
German,care-empathy,0,,
German,teamwork,0,,
German,customer-service,0,,
German,self-management,2,"A level requires an independent research project ('identify a key question...select relevant information...analyse and summarise', DfE p.6), assessed as a live oral performance in Paper 3 (30%).",https://assets.publishing.service.gov.uk/media/64aebaa0fe36e0000d6fa848/GCE_AS_and_A_level_subject_content_for_modern_foreign_languages.pdf p.6; https://www.aqa.org.uk/subjects/german/a-level/german-7662/specification/specification-at-a-glance
German,critical-thinking,2,"DfE: 'develop their capacity for critical and analytical thinking through the language of study' (p.4, A-level only); assessed via 2 literary/film works and the research project.",https://assets.publishing.service.gov.uk/media/64aebaa0fe36e0000d6fa848/GCE_AS_and_A_level_subject_content_for_modern_foreign_languages.pdf p.4; https://www.aqa.org.uk/subjects/german/a-level/german-7662/specification/specification-at-a-glance
German,problem-solving,0,,
German,creativity,1,,
German,content-production,0,,
Chinese (Mandarin),data-analysis,0,,
Chinese (Mandarin),programming,0,,
Chinese (Mandarin),digital-ai,1,,
Chinese (Mandarin),cyber-security,0,,
Chinese (Mandarin),numeracy,0,,
Chinese (Mandarin),scientific-method,0,,
Chinese (Mandarin),engineering,0,,
Chinese (Mandarin),practical-making,0,,
Chinese (Mandarin),sustainability,0,,
Chinese (Mandarin),commercial,0,,
Chinese (Mandarin),leadership,0,,
Chinese (Mandarin),law-ethics,0,,
Chinese (Mandarin),writing,2,DfE Chinese exception: comprehension answers may be in English 'unless writing skills are also intentionally being assessed'; literary/film responses still required in Chinese (p.7).,https://assets.publishing.service.gov.uk/media/64aebaa0fe36e0000d6fa848/GCE_AS_and_A_level_subject_content_for_modern_foreign_languages.pdf p.7; https://qualifications.pearson.com/en/qualifications/edexcel-a-levels/chinese-2017.html
Chinese (Mandarin),speaking,3,"Pearson Edexcel 9CN0 Paper 3 Speaking = 30% (72 marks), including presentation and discussion of an individual research project.",https://qualifications.pearson.com/en/qualifications/edexcel-a-levels/chinese-2017.html
Chinese (Mandarin),languages,3,"Chinese is a defining foreign-language A level; DfE MFL Chinese annex retains full oral assessment (Edexcel Paper 3 Speaking, 30%, 72 marks) despite comprehension exceptions.",https://assets.publishing.service.gov.uk/media/64aebaa0fe36e0000d6fa848/GCE_AS_and_A_level_subject_content_for_modern_foreign_languages.pdf p.7; https://qualifications.pearson.com/en/qualifications/edexcel-a-levels/chinese-2017.html
Chinese (Mandarin),care-empathy,0,,
Chinese (Mandarin),teamwork,0,,
Chinese (Mandarin),customer-service,0,,
Chinese (Mandarin),self-management,2,"A level research-skills requirement (DfE p.6, applies to Chinese) feeds into an individual research project assessed as a live oral performance.",https://assets.publishing.service.gov.uk/media/64aebaa0fe36e0000d6fa848/GCE_AS_and_A_level_subject_content_for_modern_foreign_languages.pdf p.6; https://qualifications.pearson.com/en/qualifications/edexcel-a-levels/chinese-2017.html
Chinese (Mandarin),critical-thinking,2,"Literary/film works are studied critically with responses required 'in the language of study' (DfE p.7 exceptions annex), regularly assessed.",https://assets.publishing.service.gov.uk/media/64aebaa0fe36e0000d6fa848/GCE_AS_and_A_level_subject_content_for_modern_foreign_languages.pdf p.7; https://qualifications.pearson.com/en/qualifications/edexcel-a-levels/chinese-2017.html
Chinese (Mandarin),problem-solving,0,,
Chinese (Mandarin),creativity,1,,
Chinese (Mandarin),content-production,0,,
Art & Design (Fine Art),data-analysis,0,,
Art & Design (Fine Art),programming,0,,
Art & Design (Fine Art),digital-ai,1,,
Art & Design (Fine Art),cyber-security,0,,
Art & Design (Fine Art),numeracy,0,,
Art & Design (Fine Art),scientific-method,0,,
Art & Design (Fine Art),engineering,0,,
Art & Design (Fine Art),practical-making,3,"100% NEA: Personal Investigation (60%) + Externally Set Assignment (40%), both practical portfolio work. DfE: 'apply knowledge and understanding in making images and artefacts' (p.2).",https://assets.publishing.service.gov.uk/media/5a7ec531ed915d74e33f24fd/A_level_art_and_design_subject_content.pdf p.2; https://www.aqa.org.uk/subjects/art-and-design/a-level/art-and-design-7202/specification/specification-at-a-glance
Art & Design (Fine Art),sustainability,0,,
Art & Design (Fine Art),commercial,0,,
Art & Design (Fine Art),leadership,0,,
Art & Design (Fine Art),law-ethics,0,,
Art & Design (Fine Art),writing,2,"Personal Investigation NEA requires 'between 1000 and 3000 words of continuous prose' (Component 1, 60% of A-level).",https://www.aqa.org.uk/subjects/art-and-design/a-level/art-and-design-7202/specification/specification-at-a-glance
Art & Design (Fine Art),speaking,0,,
Art & Design (Fine Art),languages,0,,
Art & Design (Fine Art),care-empathy,0,,
Art & Design (Fine Art),teamwork,0,,
Art & Design (Fine Art),customer-service,0,,
Art & Design (Fine Art),self-management,3,"Rule 4 anchor: the Personal Investigation (60% NEA, Component 1) is a self-directed extended project >=50% of the qualification.",https://www.aqa.org.uk/subjects/art-and-design/a-level/art-and-design-7202/specification/specification-at-a-glance
Art & Design (Fine Art),critical-thinking,2,"DfE: 'explore relevant resources; analyse, discuss and evaluate images, objects and artefacts; and make and record independent judgements' (p.2), assessed within the personal investigation.",https://assets.publishing.service.gov.uk/media/5a7ec531ed915d74e33f24fd/A_level_art_and_design_subject_content.pdf p.2; https://www.aqa.org.uk/subjects/art-and-design/a-level/art-and-design-7202/specification/specification-at-a-glance
Art & Design (Fine Art),problem-solving,0,,
Art & Design (Fine Art),creativity,3,"DfE: 'intellectual, imaginative, creative and intuitive capabilities' and 'independence of mind in developing...own ideas' (p.1); 100% of the A-level is NEA personal/externally-set projects.",https://assets.publishing.service.gov.uk/media/5a7ec531ed915d74e33f24fd/A_level_art_and_design_subject_content.pdf p.1; https://www.aqa.org.uk/subjects/art-and-design/a-level/art-and-design-7202/specification/specification-at-a-glance
Art & Design (Fine Art),content-production,1,,
Graphic Communication,data-analysis,0,,
Graphic Communication,programming,0,,
Graphic Communication,digital-ai,1,,
Graphic Communication,cyber-security,0,,
Graphic Communication,numeracy,0,,
Graphic Communication,scientific-method,0,,
Graphic Communication,engineering,0,,
Graphic Communication,practical-making,3,"100% NEA: Personal Investigation (60%) + Externally Set Assignment (40%), both practical portfolio work. DfE: 'apply knowledge and understanding in making images and artefacts' (p.2).",https://assets.publishing.service.gov.uk/media/5a7ec531ed915d74e33f24fd/A_level_art_and_design_subject_content.pdf p.2; https://www.aqa.org.uk/subjects/art-and-design/a-level/art-and-design-7203/specification/specification-at-a-glance
Graphic Communication,sustainability,0,,
Graphic Communication,commercial,1,,
Graphic Communication,leadership,0,,
Graphic Communication,law-ethics,0,,
Graphic Communication,writing,2,"Personal Investigation NEA requires 'between 1000 and 3000 words of continuous prose' (Component 1, 60% of A-level).",https://www.aqa.org.uk/subjects/art-and-design/a-level/art-and-design-7203/specification/specification-at-a-glance
Graphic Communication,speaking,0,,
Graphic Communication,languages,0,,
Graphic Communication,care-empathy,0,,
Graphic Communication,teamwork,0,,
Graphic Communication,customer-service,0,,
Graphic Communication,self-management,3,"Rule 4 anchor: the Personal Investigation (60% NEA, Component 1) is a self-directed extended project >=50% of the qualification.",https://www.aqa.org.uk/subjects/art-and-design/a-level/art-and-design-7203/specification/specification-at-a-glance
Graphic Communication,critical-thinking,2,"DfE: 'explore relevant resources; analyse, discuss and evaluate images, objects and artefacts; and make and record independent judgements' (p.2), assessed within the personal investigation.",https://assets.publishing.service.gov.uk/media/5a7ec531ed915d74e33f24fd/A_level_art_and_design_subject_content.pdf p.2; https://www.aqa.org.uk/subjects/art-and-design/a-level/art-and-design-7203/specification/specification-at-a-glance
Graphic Communication,problem-solving,1,,
Graphic Communication,creativity,3,"DfE: 'intellectual, imaginative, creative and intuitive capabilities' and 'independence of mind in developing...own ideas' (p.1); 100% of the A-level is NEA personal/externally-set projects.",https://assets.publishing.service.gov.uk/media/5a7ec531ed915d74e33f24fd/A_level_art_and_design_subject_content.pdf p.1; https://www.aqa.org.uk/subjects/art-and-design/a-level/art-and-design-7203/specification/specification-at-a-glance
Graphic Communication,content-production,3,"DfE title: 'illustration, web and app design, advertising, packaging,...animation and game design' (p.3); 100% NEA portfolio (AQA 7203); rubric aid lists this as typical 3.",https://assets.publishing.service.gov.uk/media/5a7ec531ed915d74e33f24fd/A_level_art_and_design_subject_content.pdf p.3; https://www.aqa.org.uk/subjects/art-and-design/a-level/art-and-design-7203/specification/specification-at-a-glance
Photography,data-analysis,0,,
Photography,programming,0,,
Photography,digital-ai,1,,
Photography,cyber-security,0,,
Photography,numeracy,0,,
Photography,scientific-method,0,,
Photography,engineering,0,,
Photography,practical-making,3,"100% NEA: Personal Investigation (60%) + Externally Set Assignment (40%), both practical portfolio work. DfE: 'apply knowledge and understanding in making images and artefacts' (p.2).",https://assets.publishing.service.gov.uk/media/5a7ec531ed915d74e33f24fd/A_level_art_and_design_subject_content.pdf p.2; https://www.aqa.org.uk/subjects/art-and-design/a-level/art-and-design-7206/specification/specification-at-a-glance
Photography,sustainability,0,,
Photography,commercial,0,,
Photography,leadership,0,,
Photography,law-ethics,0,,
Photography,writing,2,"Personal Investigation NEA requires 'between 1000 and 3000 words of continuous prose' (Component 1, 60% of A-level).",https://www.aqa.org.uk/subjects/art-and-design/a-level/art-and-design-7206/specification/specification-at-a-glance
Photography,speaking,0,,
Photography,languages,0,,
Photography,care-empathy,0,,
Photography,teamwork,0,,
Photography,customer-service,0,,
Photography,self-management,3,"Rule 4 anchor: the Personal Investigation (60% NEA, Component 1) is a self-directed extended project >=50% of the qualification.",https://www.aqa.org.uk/subjects/art-and-design/a-level/art-and-design-7206/specification/specification-at-a-glance
Photography,critical-thinking,2,"DfE: 'explore relevant resources; analyse, discuss and evaluate images, objects and artefacts; and make and record independent judgements' (p.2), assessed within the personal investigation.",https://assets.publishing.service.gov.uk/media/5a7ec531ed915d74e33f24fd/A_level_art_and_design_subject_content.pdf p.2; https://www.aqa.org.uk/subjects/art-and-design/a-level/art-and-design-7206/specification/specification-at-a-glance
Photography,problem-solving,0,,
Photography,creativity,3,"DfE: 'intellectual, imaginative, creative and intuitive capabilities' and 'independence of mind in developing...own ideas' (p.1); 100% of the A-level is NEA personal/externally-set projects.",https://assets.publishing.service.gov.uk/media/5a7ec531ed915d74e33f24fd/A_level_art_and_design_subject_content.pdf p.1; https://www.aqa.org.uk/subjects/art-and-design/a-level/art-and-design-7206/specification/specification-at-a-glance
Photography,content-production,3,"DfE title example: 'documentary, photojournalism,...moving image (video, film, animation)' (p.3); 100% NEA portfolio (AQA 7206). Rubric aid lists Photography as typical 3 for content-production.",https://assets.publishing.service.gov.uk/media/5a7ec531ed915d74e33f24fd/A_level_art_and_design_subject_content.pdf p.3; https://www.aqa.org.uk/subjects/art-and-design/a-level/art-and-design-7206/specification/specification-at-a-glance
Textile Design,data-analysis,0,,
Textile Design,programming,0,,
Textile Design,digital-ai,1,,
Textile Design,cyber-security,0,,
Textile Design,numeracy,0,,
Textile Design,scientific-method,0,,
Textile Design,engineering,0,,
Textile Design,practical-making,3,"DfE title example: 'printed and/or dyed fabrics, constructed textiles' (p.3) — hands-on making with materials; 100% NEA (AQA 7208).",https://assets.publishing.service.gov.uk/media/5a7ec531ed915d74e33f24fd/A_level_art_and_design_subject_content.pdf p.3; https://www.aqa.org.uk/subjects/art-and-design/a-level/art-and-design-7208/specification/specification-at-a-glance
Textile Design,sustainability,1,,
Textile Design,commercial,0,,
Textile Design,leadership,0,,
Textile Design,law-ethics,0,,
Textile Design,writing,2,"Personal Investigation NEA requires 'between 1000 and 3000 words of continuous prose' (Component 1, 60% of A-level).",https://www.aqa.org.uk/subjects/art-and-design/a-level/art-and-design-7208/specification/specification-at-a-glance
Textile Design,speaking,0,,
Textile Design,languages,0,,
Textile Design,care-empathy,0,,
Textile Design,teamwork,0,,
Textile Design,customer-service,0,,
Textile Design,self-management,3,"Rule 4 anchor: the Personal Investigation (60% NEA, Component 1) is a self-directed extended project >=50% of the qualification.",https://www.aqa.org.uk/subjects/art-and-design/a-level/art-and-design-7208/specification/specification-at-a-glance
Textile Design,critical-thinking,2,"DfE: 'explore relevant resources; analyse, discuss and evaluate images, objects and artefacts; and make and record independent judgements' (p.2), assessed within the personal investigation.",https://assets.publishing.service.gov.uk/media/5a7ec531ed915d74e33f24fd/A_level_art_and_design_subject_content.pdf p.2; https://www.aqa.org.uk/subjects/art-and-design/a-level/art-and-design-7208/specification/specification-at-a-glance
Textile Design,problem-solving,0,,
Textile Design,creativity,3,"DfE: 'intellectual, imaginative, creative and intuitive capabilities' and 'independence of mind in developing...own ideas' (p.1); 100% of the A-level is NEA personal/externally-set projects.",https://assets.publishing.service.gov.uk/media/5a7ec531ed915d74e33f24fd/A_level_art_and_design_subject_content.pdf p.1; https://www.aqa.org.uk/subjects/art-and-design/a-level/art-and-design-7208/specification/specification-at-a-glance
Textile Design,content-production,1,,
Film Studies,data-analysis,0,,
Film Studies,programming,0,,
Film Studies,digital-ai,0,,
Film Studies,cyber-security,0,,
Film Studies,numeracy,0,,
Film Studies,scientific-method,0,,
Film Studies,engineering,0,,
Film Studies,practical-making,1,,
Film Studies,sustainability,0,,
Film Studies,commercial,1,,
Film Studies,leadership,0,,
Film Studies,law-ethics,0,,
Film Studies,writing,3,Two written exams (70% of A-level) are assessed via 'discursive argument' (p.11); NEA also includes a written evaluative analysis (Eduqas Component 3).,https://assets.publishing.service.gov.uk/media/5a7f74e0e5274a2e87db5f79/Film_studies_AS_A_level_subject_content.pdf p.11; https://www.eduqas.co.uk/qualifications/film-studies-asa-level/
Film Studies,speaking,0,,
Film Studies,languages,0,,
Film Studies,care-empathy,0,,
Film Studies,teamwork,0,,
Film Studies,customer-service,0,,
Film Studies,self-management,2,"NEA Production (30%): a short film or screenplay that must be 'individually produced' (DfE p.12, footnote 17; Eduqas Component 3).",https://assets.publishing.service.gov.uk/media/5a7f74e0e5274a2e87db5f79/Film_studies_AS_A_level_subject_content.pdf p.12; https://www.eduqas.co.uk/qualifications/film-studies-asa-level/
Film Studies,critical-thinking,3,"DfE: 'apply critical approaches to film' (p.1) and 'analyse, interpret and compare films critically' (p.11); core to the 70% exam assessment.","https://assets.publishing.service.gov.uk/media/5a7f74e0e5274a2e87db5f79/Film_studies_AS_A_level_subject_content.pdf p.1, p.11; https://www.eduqas.co.uk/qualifications/film-studies-asa-level/"
Film Studies,problem-solving,0,,
Film Studies,creativity,2,NEA Production (30%) requires devising an original short film or screenplay to a set brief (Eduqas Component 3; DfE p.12).,https://assets.publishing.service.gov.uk/media/5a7f74e0e5274a2e87db5f79/Film_studies_AS_A_level_subject_content.pdf p.12; https://www.eduqas.co.uk/qualifications/film-studies-asa-level/
Film Studies,content-production,3,NEA Production (30%): produce a short film (4-5 min) or screenplay to a brief (Eduqas Component 3; DfE p.12) - core practical filmmaking. Rubric aid lists Film Studies as typical 3.,https://assets.publishing.service.gov.uk/media/5a7f74e0e5274a2e87db5f79/Film_studies_AS_A_level_subject_content.pdf p.12; https://www.eduqas.co.uk/qualifications/film-studies-asa-level/
Media Studies,data-analysis,1,,
Media Studies,programming,0,,
Media Studies,digital-ai,1,,
Media Studies,cyber-security,0,,
Media Studies,numeracy,0,,
Media Studies,scientific-method,0,,
Media Studies,engineering,0,,
Media Studies,practical-making,0,,
Media Studies,sustainability,0,,
Media Studies,commercial,2,"Media Industries (1 of 4 compulsory framework areas) covers 'economic factors, including commercial...public funding' and 'ownership and control' (DfE p.4), assessed in both exam papers.",https://assets.publishing.service.gov.uk/media/5a80ec6840f0b62305b8de9a/Media_studies_AS_A_level_subject_content.pdf p.4; https://www.aqa.org.uk/subjects/media-studies/a-level/media-studies-7572/specification/specification-at-a-glance
Media Studies,leadership,0,,
Media Studies,law-ethics,1,,
Media Studies,writing,3,DfE: A level students must 'debate critically key questions...through sustained discursive writing' (p.10); two written exam papers = 70% of the A-level.,https://assets.publishing.service.gov.uk/media/5a80ec6840f0b62305b8de9a/Media_studies_AS_A_level_subject_content.pdf p.10; https://www.aqa.org.uk/subjects/media-studies/a-level/media-studies-7572/specification/specification-at-a-glance
Media Studies,speaking,0,,
Media Studies,languages,0,,
Media Studies,care-empathy,0,,
Media Studies,teamwork,0,,
Media Studies,customer-service,0,,
Media Studies,self-management,2,"NEA cross-media production (30%) is independently created ('In independently creating media...', DfE p.9-10; AQA 7572).",https://assets.publishing.service.gov.uk/media/5a80ec6840f0b62305b8de9a/Media_studies_AS_A_level_subject_content.pdf p.9-10; https://www.aqa.org.uk/subjects/media-studies/a-level/media-studies-7572/specification/specification-at-a-glance
Media Studies,critical-thinking,3,"DfE first aim: 'demonstrate skills of enquiry, critical thinking, decision-making and analysis' (p.1); A level requires 'reflect critically upon...complex theories' (p.10).","https://assets.publishing.service.gov.uk/media/5a80ec6840f0b62305b8de9a/Media_studies_AS_A_level_subject_content.pdf p.1, p.10; https://www.aqa.org.uk/subjects/media-studies/a-level/media-studies-7572/specification/specification-at-a-glance"
Media Studies,problem-solving,0,,
Media Studies,creativity,2,NEA cross-media production (30%) requires devising original media content for an intended audience to an AQA-set brief.,https://assets.publishing.service.gov.uk/media/5a80ec6840f0b62305b8de9a/Media_studies_AS_A_level_subject_content.pdf p.9-10; https://www.aqa.org.uk/subjects/media-studies/a-level/media-studies-7572/specification/specification-at-a-glance
Media Studies,content-production,3,"NEA (30%): cross-media production (e.g. TV programme + website); 'apply knowledge...of media language, representation, industries and audiences to a cross-media production' (DfE p.10).",https://assets.publishing.service.gov.uk/media/5a80ec6840f0b62305b8de9a/Media_studies_AS_A_level_subject_content.pdf p.10; https://www.aqa.org.uk/subjects/media-studies/a-level/media-studies-7572/specification/specification-at-a-glance
Music,data-analysis,0,,
Music,programming,0,,
Music,digital-ai,1,,
Music,cyber-security,0,,
Music,numeracy,1,,
Music,scientific-method,0,,
Music,engineering,0,,
Music,practical-making,1,,
Music,sustainability,0,,
Music,commercial,0,,
Music,leadership,0,,
Music,law-ethics,0,,
Music,writing,2,"Appraising Music (40%, written exam, AQA Component 1) requires written critical judgements on repertoire; DfE: 'informed discussion (in writing and/or through speech)'.",https://assets.publishing.service.gov.uk/media/5a7d701340f0b64a5813f01b/GCE_AS_and_A_level_subject_content_for_music.docx; https://www.aqa.org.uk/subjects/music/a-level/music-7272/specification/specification-at-a-glance
Music,speaking,0,,
Music,languages,0,,
Music,care-empathy,0,,
Music,teamwork,1,,
Music,customer-service,0,,
Music,self-management,2,"Composition (25% NEA) plus Performance (35% NEA/practical) = 60% of the A-level, independently prepared over the course (AQA 7272 Components 2-3).",https://www.aqa.org.uk/subjects/music/a-level/music-7272/specification/specification-at-a-glance
Music,critical-thinking,2,Appraising Music (40% exam) requires students to 'analyse and evaluate music...to make critical judgements'; a substantial but not dominant part of the qualification.,https://assets.publishing.service.gov.uk/media/5a7d701340f0b64a5813f01b/GCE_AS_and_A_level_subject_content_for_music.docx; https://www.aqa.org.uk/subjects/music/a-level/music-7272/specification/specification-at-a-glance
Music,problem-solving,0,,
Music,creativity,3,Rubric aid lists Music (composing) as typical 3 for creativity. DfE aim: 'develop composing skills to demonstrate the manipulation of musical ideas'; Composition NEA = 25% (AQA 7272 Component 3).,https://assets.publishing.service.gov.uk/media/5a7d701340f0b64a5813f01b/GCE_AS_and_A_level_subject_content_for_music.docx; https://www.aqa.org.uk/subjects/music/a-level/music-7272/specification/specification-at-a-glance
Music,content-production,0,,
Music Technology,data-analysis,1,,
Music Technology,programming,0,,
Music Technology,digital-ai,1,,
Music Technology,cyber-security,0,,
Music Technology,numeracy,2,"DfE names a 'Numeracy' area: 'technical numeracy incl. binary, formulae, logarithms', calculations on waveforms/frequency/phase (p.8); examined in Components 3-4 (60%).",https://assets.publishing.service.gov.uk/media/5a750aeae5274a59fa716f10/Music_Technology_A_level.pdf p.8; https://qualifications.pearson.com/content/dam/pdf/A%20Level/Music-Technology/2017/specification-and-sample-assessments/Pearson_Edexcel_Level_3_Advanced_GCE_in_Music_Technology_Specification_issue3.pdf
Music Technology,scientific-method,0,,
Music Technology,engineering,1,,
Music Technology,practical-making,1,,
Music Technology,sustainability,0,,
Music Technology,commercial,0,,
Music Technology,leadership,0,,
Music Technology,law-ethics,0,,
Music Technology,writing,1,,
Music Technology,speaking,0,,
Music Technology,languages,0,,
Music Technology,care-empathy,0,,
Music Technology,teamwork,0,,
Music Technology,customer-service,0,,
Music Technology,self-management,2,"Components 1-2 (Recording + Composition, 40% NEA, Pearson Edexcel 9MT0) are independently produced over time; DfE aim: 'manage music technology projects from inception to completion'.",https://assets.publishing.service.gov.uk/media/5a750aeae5274a59fa716f10/Music_Technology_A_level.pdf; https://qualifications.pearson.com/content/dam/pdf/A%20Level/Music-Technology/2017/specification-and-sample-assessments/Pearson_Edexcel_Level_3_Advanced_GCE_in_Music_Technology_Specification_issue3.pdf
Music Technology,critical-thinking,2,Component 3 'Listening and analysing' (25% exam); DfE aim: 'develop skills in critical and analytical listening to evaluate the use of sound and audio technology' (p.3).,https://assets.publishing.service.gov.uk/media/5a750aeae5274a59fa716f10/Music_Technology_A_level.pdf p.3; https://qualifications.pearson.com/content/dam/pdf/A%20Level/Music-Technology/2017/specification-and-sample-assessments/Pearson_Edexcel_Level_3_Advanced_GCE_in_Music_Technology_Specification_issue3.pdf
Music Technology,problem-solving,0,,
Music Technology,creativity,2,DfE aim: 'develop the skills to create and manipulate sound in imaginative and creative ways'; Composition is a 20% NEA component (9MT0 Component 2).,https://assets.publishing.service.gov.uk/media/5a750aeae5274a59fa716f10/Music_Technology_A_level.pdf; https://qualifications.pearson.com/content/dam/pdf/A%20Level/Music-Technology/2017/specification-and-sample-assessments/Pearson_Edexcel_Level_3_Advanced_GCE_in_Music_Technology_Specification_issue3.pdf
Music Technology,content-production,3,Rubric aid lists Music Technology as typical 3. Components 1-2 (40% NEA) are recording and technology-based composition (Pearson Edexcel 9MT0); DfE content is entirely production technique.,https://assets.publishing.service.gov.uk/media/5a750aeae5274a59fa716f10/Music_Technology_A_level.pdf; https://qualifications.pearson.com/content/dam/pdf/A%20Level/Music-Technology/2017/specification-and-sample-assessments/Pearson_Edexcel_Level_3_Advanced_GCE_in_Music_Technology_Specification_issue3.pdf
Drama & Theatre,data-analysis,0,,
Drama & Theatre,programming,0,,
Drama & Theatre,digital-ai,0,,
Drama & Theatre,cyber-security,0,,
Drama & Theatre,numeracy,0,,
Drama & Theatre,scientific-method,0,,
Drama & Theatre,engineering,0,,
Drama & Theatre,practical-making,1,,
Drama & Theatre,sustainability,0,,
Drama & Theatre,commercial,0,,
Drama & Theatre,leadership,1,,
Drama & Theatre,law-ethics,0,,
Drama & Theatre,writing,2,Component 1 written exam (40%) is essay-based; the Component 2 working notebook and Component 3 reflective report (60% combined) also require sustained writing (AQA 7262).,https://www.aqa.org.uk/subjects/drama-and-theatre/a-level/drama-and-theatre-7262/specification/specification-at-a-glance
Drama & Theatre,speaking,3,Rubric aid: Drama is typical 3 for speaking. Component 3 'Making Theatre' (30%) requires live vocal/physical performance to an audience; DfE: 'vocal...interpretation of character' (p.6).,https://assets.publishing.service.gov.uk/media/5a7f27b8ed915d74e33f4aca/Drama_and_theatre_GCE_revised2017_FORMATTED__004_.pdf p.6; https://www.aqa.org.uk/subjects/drama-and-theatre/a-level/drama-and-theatre-7262/specification/specification-at-a-glance
Drama & Theatre,languages,0,,
Drama & Theatre,care-empathy,0,,
Drama & Theatre,teamwork,3,"DfE: 'collaborative relationship between various roles' (p.4); A level needs 'two performances, one devised' (p.5); devising (Component 2) is group work, individually marked.",https://assets.publishing.service.gov.uk/media/5a7f27b8ed915d74e33f4aca/Drama_and_theatre_GCE_revised2017_FORMATTED__004_.pdf p.4-5; https://www.aqa.org.uk/subjects/drama-and-theatre/a-level/drama-and-theatre-7262/specification/specification-at-a-glance
Drama & Theatre,customer-service,0,,
Drama & Theatre,self-management,2,"Components 2-3 (60% of A-level): devising NEA and practical performance, independently developed and rehearsed (AQA 7262).",https://www.aqa.org.uk/subjects/drama-and-theatre/a-level/drama-and-theatre-7262/specification/specification-at-a-glance
Drama & Theatre,critical-thinking,2,Component 1 (40% exam) requires analysis of prescribed plays and live theatre; DfE: 'analyse and evaluate their own work and the work of others' (p.3).,https://assets.publishing.service.gov.uk/media/5a7f27b8ed915d74e33f4aca/Drama_and_theatre_GCE_revised2017_FORMATTED__004_.pdf p.3; https://www.aqa.org.uk/subjects/drama-and-theatre/a-level/drama-and-theatre-7262/specification/specification-at-a-glance
Drama & Theatre,problem-solving,0,,
Drama & Theatre,creativity,3,"DfE: 'develop the creativity and independence to become effective theatre makers' (p.4); devised work (Component 2, 30% NEA) is student-created (AQA 7262).",https://assets.publishing.service.gov.uk/media/5a7f27b8ed915d74e33f4aca/Drama_and_theatre_GCE_revised2017_FORMATTED__004_.pdf p.4; https://www.aqa.org.uk/subjects/drama-and-theatre/a-level/drama-and-theatre-7262/specification/specification-at-a-glance
Drama & Theatre,content-production,0,,
Dance,data-analysis,0,,
Dance,programming,0,,
Dance,digital-ai,0,,
Dance,cyber-security,0,,
Dance,numeracy,0,,
Dance,scientific-method,0,,
Dance,engineering,0,,
Dance,practical-making,1,,
Dance,sustainability,0,,
Dance,commercial,0,,
Dance,leadership,2,"A level choreography (Component 1) requires a 'group dance consisting of three, four or five dancers' (p.4), applying organisational/leadership skills; DfE aim lists 'leadership' explicitly (p.1).","https://assets.publishing.service.gov.uk/media/5a7efc2f40f0b62305b84695/GCE_AS_and_A_level_subject_content_for_dance.pdf p.1, p.4; https://www.aqa.org.uk/subjects/dance/a-level/dance-7237/specification/specification-at-a-glance"
Dance,law-ethics,0,,
Dance,writing,3,"Component 2 Critical Engagement (50%, written exam) requires 'extended writing skills in order to present responses which are clear, coherent, perceptive' (DfE p.5).",https://assets.publishing.service.gov.uk/media/5a7efc2f40f0b62305b84695/GCE_AS_and_A_level_subject_content_for_dance.pdf p.5; https://www.aqa.org.uk/subjects/dance/a-level/dance-7237/specification/specification-at-a-glance
Dance,speaking,0,,
Dance,languages,0,,
Dance,care-empathy,0,,
Dance,teamwork,3,"DfE A level requires a quartet ensemble performance and group choreography (3-5 dancers) (p.3-4), assessed in Component 1 (50%). Rubric aid lists Dance (group choreography) as typical 3.",https://assets.publishing.service.gov.uk/media/5a7efc2f40f0b62305b84695/GCE_AS_and_A_level_subject_content_for_dance.pdf p.3-4; https://www.aqa.org.uk/subjects/dance/a-level/dance-7237/specification/specification-at-a-glance
Dance,customer-service,0,,
Dance,self-management,2,"Component 1 (50% NEA/practical): solo, quartet and choreography works to externally set tasks (AQA 7237).",https://www.aqa.org.uk/subjects/dance/a-level/dance-7237/specification/specification-at-a-glance
Dance,critical-thinking,2,"Component 2 (50% exam) requires students to 'analyse, reflect on and evaluate the performance and choreographic experience' and develop 'in-depth critical appreciation' of set works (DfE p.4-5).",https://assets.publishing.service.gov.uk/media/5a7efc2f40f0b62305b84695/GCE_AS_and_A_level_subject_content_for_dance.pdf p.4-5; https://www.aqa.org.uk/subjects/dance/a-level/dance-7237/specification/specification-at-a-glance
Dance,problem-solving,1,,
Dance,creativity,3,"Rubric aid lists Dance (choreography) as typical 3 for creativity. DfE: 'cultivate creativity in the student...within the areas of performance, choreography' (p.1); Component 1 = 50% of A-level.",https://assets.publishing.service.gov.uk/media/5a7efc2f40f0b62305b84695/GCE_AS_and_A_level_subject_content_for_dance.pdf p.1; https://www.aqa.org.uk/subjects/dance/a-level/dance-7237/specification/specification-at-a-glance
Dance,content-production,0,,
