priority,skill,weight,evidence
advanced-manufacturing-engineering,engineering,3,Engineers (2122/2126/2129) – Ongoing - L3-6 (p.17)
advanced-manufacturing-engineering,practical-making,3,Fabricators & welders (5211/5213) – Ongoing – L3-4 (p.17)
advanced-manufacturing-engineering,data-analysis,2,Increasing need for skills in: … Data analysis (2133) – Ongoing – L3-6 (p.17)
advanced-manufacturing-engineering,digital-ai,2,Increasing need for skills in: Digital & AI – including Essential Digital Skills and higher skills including cyber and coding (p.17)
advanced-manufacturing-engineering,cyber-security,2,higher skills including cyber and coding (p.17)
advanced-manufacturing-engineering,programming,2,higher skills including cyber and coding (p.17)
advanced-manufacturing-engineering,leadership,2,"supervisory, management and leadership skills; Management (1121) – Ongoing – L4-6 (p.17)"
construction,practical-making,3,"Trades – bricklaying (5313), plumbing (5315), carpentry and joinery (5316), roofing (5314) – Ongoing – L2-3 (p.19)"
construction,engineering,2,"""local employers continue to highlight shortages across trades, supervisory roles and building services engineering"" (p.18); ""electricians and electrical engineers"" (p.18)"
construction,leadership,3,Management (5330) – Ongoing – L3-6 (p.19); Construction and Building Trades Supervisors (p.35)
construction,digital-ai,2,Increasing future need for: … o Digital (p.19)
construction,self-management,2,Feedback from employers points to a lack of preparedness and awareness of working conditions of those entering the workplace from education leading to early leavers from the sector. (p.19)
construction,sustainability,1,"retirements accelerate and demand increases for new infrastructure, retrofit and net-zero projects (p.18)"
hospitality-leisure-tourism,practical-making,3,Chefs (5434) – Ongoing – L2-4 (p.20)
hospitality-leisure-tourism,customer-service,3,Front of house (4216) – Ongoing – L2 (p.20)
hospitality-leisure-tourism,leadership,3,Managerial (1221/1222/5436) – Ongoing – L3-4 (p.20)
hospitality-leisure-tourism,digital-ai,2,"While not featuring in the priority occupations for the sector, essential digital skills have as has the implementation and use of AI. (p.20)"
social-care,care-empathy,3,General care certificate standards … Ongoing development training in particular care skills (p.21)
social-care,leadership,2,Management training allowing experienced staff to progress (p.21)
social-care,digital-ai,2,staff increasingly require digital record-keeping and data-analysis capabilities (p.21); digital skills continues across all sectors (p.16)
social-care,law-ethics,1,"Safeguarding, CQC compliance and quality oversight (p.38)"
social-care,data-analysis,2,"""staff increasingly require digital record-keeping and data-analysis capabilities"" (p.21)"
digital,digital-ai,3,AI has become a standalone topic of discussion with nearly every employer interviewed in the research phase. (p.22)
digital,cyber-security,3,Cyber security [heads] the most commonly required digital skills employers ask for (p.22)
digital,programming,3,Programming and coding [named among] the most commonly required digital skills (p.22)
digital,content-production,3,"in ""The most commonly required digital skills"": ""Web design, development and management"" (p.22); key findings: ""web-related skills"" (p.23)"
digital,commercial,3,"in ""The most commonly required digital skills"": ""Digital marketing, design and social media"" (p.22); key findings: ""creative marketing"" (p.23)"
digital,critical-thinking,2,3. Critical evaluation of AI outputs (p.22-23)
digital,law-ethics,2,4. Responsible and ethical use of AI (p.23)
digital,self-management,2,"""ongoing challenges around confidence, work readiness and access to learning"" (Skills for Life, within the Digital section, p.23)"
digital,data-analysis,2,"""Digital sector expansion supports cross-cutting skills needs: coding, data science, cyber security, and AI ethics"" (p.22)"
national-security-resilience,engineering,3,"""Defence manufacturing powerhouse: BAE Systems' Samlesbury and Warton sites drive advanced aerospace"" (p.24); defence employers' needs ""are already incorporated in the LSIP through those sectors"" (advanced manufacturing, digital/cyber, p.24)"
national-security-resilience,cyber-security,3,"Cyber leadership: National Cyber Force HQ in Samlesbury (from 2025) will create 2,000 roles (p.24)"
national-security-resilience,practical-making,1,5223 - Metal machining setters and setter-operators (p.36); 5111 – Farm workers (p.37)
national-security-resilience,data-analysis,1,"3119 - Science, Engineering and Production Technicians … Proxy SOC reflecting data-driven and automated farming (p.37)"
national-security-resilience,scientific-method,1,3111 – Laboratory technicians … Proxy for food technologist (p.37)
national-security-resilience,law-ethics,1,"implied by ""2482 – Quality assurance and regulatory professionals … Safety-critical and regulated defence manufacturing environments"" (Annex A p.36)"
national-security-resilience,commercial,1,"implied by ""1211 - Managers and Proprietors in Agriculture and Horticulture"" (Annex A p.37)"
clean-energy-nuclear,engineering,2,"named only in context: ""aligning advanced engineering with net-zero goals"" (p.25); the key findings name no engineering gap"
clean-energy-nuclear,sustainability,2,"context: ""24/7 low-carbon power generation and clean-tech diversification"" (p.25); the key findings name no sustainability skill"
clean-energy-nuclear,cyber-security,3,"Cyber security is an important element within this sector, especially with the nuclear sites at Heysham and Springfields Westinghouse. (p.25)"
clean-energy-nuclear,law-ethics,1,3582 – Health and Safety Officers Managers and Officers … Proxy SOC for statutory offshore safety and compliance roles (p.36)
clean-energy-nuclear,practical-making,1,3113 – Engineering Technician … Proxy SOC for wind turbine installation and O&M technicians (p.36)
