name,kind,what,why_contact,url,checked
Liverpool Chamber of Commerce,erb,The Employer Representative Body that leads the Liverpool City Region LSIP.,The place to find the full LSIP and see what local employers say they need.,https://www.liverpoolchamber.org.uk/local-skills-improvement-plan/,2026-09-27
Liverpool City Region Combined Authority,authority,The devolved authority funding Skills Bootcamps and adult skills across the six boroughs.,See the funded training and apprenticeship routes the Combined Authority runs right now.,https://www.liverpoolcityregion-ca.gov.uk/skills-bootcamps-for-the-workplace,2026-09-27
Be More,other,"The Liverpool City Region's careers, apprenticeship and skills portal.",Search live apprenticeships and training funded for people your age across the six boroughs.,https://lcrbemore.co.uk/,2026-09-27
Growth Platform,growth-hub,The Liverpool City Region's business growth company and Local Growth Hub.,Good for understanding which sectors are hiring and how local businesses are growing.,https://growthplatform.org/,2026-09-27
Liverpool City Region Careers Hub,careers-hub,"The Careers & Enterprise Company hub linking schools, colleges and employers across the region.",Ask your school or college about employer visits and workplace experience through this hub.,https://lcrcareershub.co.uk/,2026-09-27
University of Liverpool,university,"A Russell Group university strong in life sciences, engineering and physics.","Explore degrees linked to the region's biomanufacturing, health and engineering strengths.",https://www.liverpool.ac.uk/,2026-09-27
Liverpool John Moores University,university,"A large university with strong sport science, engineering and built environment courses.","Check degrees and apprenticeships tied to construction, sport science and manufacturing.",https://www.ljmu.ac.uk/,2026-09-27
Edge Hill University,university,A university leading the LSIP's SME AI diagnostic pilot alongside teaching and health courses.,See how a local university is helping businesses learn to use AI responsibly.,https://www.edgehill.ac.uk/,2026-09-27
The City of Liverpool College,college,"A large further education college with strong construction, digital and creative provision.",Compare Level 2-3 courses and apprenticeships close to Liverpool city centre.,https://liv-coll.ac.uk/,2026-09-27
Wirral Metropolitan College,college,A further education college serving Wirral with strong technical and construction provision.,A good first stop if you live on the Wirral side of the city region.,https://www.wmc.ac.uk/,2026-09-27
Hugh Baird College,college,"A further education college in Sefton with health, care and creative strengths.","Worth checking if you're based around Bootle, Sefton or south Liverpool.",https://www.hughbaird.ac.uk/,2026-09-27
Construction Industry Training Board (CITB),sector-body,"The construction sector's skills body, named in the LSIP for electrotechnical and trades training.",Find out which construction trades and qualifications are most in demand right now.,https://www.citb.co.uk/,2026-09-27
