priority,text,skills,source
advanced-manufacturing,"A third of manufacturing workers are over 50, but Level 4+ technician training is thin, risking a skills cliff-edge.",engineering|practical-making,https://cdnm.heyzine.com/files/uploaded/v3/5c3373df5a7e7b084fb95834ddf4dc6ea6ddc469-3.pdf p.28
advanced-manufacturing,Curriculum often lags new technology - employers describe apprentices trained on outdated kit and old course titles.,engineering|digital-ai|problem-solving,"https://cdnm.heyzine.com/files/uploaded/v3/5c3373df5a7e7b084fb95834ddf4dc6ea6ddc469-3.pdf p.18, p.30"
advanced-manufacturing,"89% of manufacturing firms are micro-businesses, so most can't run in-house training and need coordinated brokerage.",commercial|self-management,https://cdnm.heyzine.com/files/uploaded/v3/5c3373df5a7e7b084fb95834ddf4dc6ea6ddc469-3.pdf p.28
advanced-manufacturing,"56% of manufacturing sites with vacancies say they are hard to fill, and 39% are skill-shortage vacancies.",engineering|practical-making,https://cdnm.heyzine.com/files/uploaded/v3/5c3373df5a7e7b084fb95834ddf4dc6ea6ddc469-3.pdf p.28
agri-tech-food-security,"70% of the farming workforce is over 50, just as robotics and precision technology are taking off.",digital-ai|engineering,https://cdnm.heyzine.com/files/uploaded/v3/5c3373df5a7e7b084fb95834ddf4dc6ea6ddc469-3.pdf p.32
agri-tech-food-security,"Robotics and data skills are mostly learned informally on the job, with almost no formal training pathway yet.",engineering|digital-ai|data-analysis,https://cdnm.heyzine.com/files/uploaded/v3/5c3373df5a7e7b084fb95834ddf4dc6ea6ddc469-3.pdf p.32
agri-tech-food-security,Rural transport gaps make it hard for young people to reach the FE and apprenticeship provision that already exists.,self-management,https://cdnm.heyzine.com/files/uploaded/v3/5c3373df5a7e7b084fb95834ddf4dc6ea6ddc469-3.pdf p.32
business-professional-services,"Demand is shifting fast from routine admin roles toward analytical, digital and AI-literate roles.",digital-ai|data-analysis|critical-thinking,https://cdnm.heyzine.com/files/uploaded/v3/5c3373df5a7e7b084fb95834ddf4dc6ea6ddc469-3.pdf p.34
business-professional-services,"Local wages often can't match Manchester's, so the region struggles to retain the graduates it trains.",leadership|commercial,https://cdnm.heyzine.com/files/uploaded/v3/5c3373df5a7e7b084fb95834ddf4dc6ea6ddc469-3.pdf p.36
business-professional-services,"Level 4-5 pathways into data, compliance and digital business analyst roles are underdeveloped.",data-analysis|digital-ai|law-ethics,https://cdnm.heyzine.com/files/uploaded/v3/5c3373df5a7e7b084fb95834ddf4dc6ea6ddc469-3.pdf p.36
clean-energy,50% of clean-energy-type vacancies are hard to fill and 35% are skill-shortage vacancies.,engineering|practical-making,https://cdnm.heyzine.com/files/uploaded/v3/5c3373df5a7e7b084fb95834ddf4dc6ea6ddc469-3.pdf p.40
clean-energy,"Courses on hydrogen and other emerging technologies barely exist yet, so there's no clear training route in.",engineering|sustainability,https://cdnm.heyzine.com/files/uploaded/v3/5c3373df5a7e7b084fb95834ddf4dc6ea6ddc469-3.pdf p.40
clean-energy,Major projects like HyNet risk competing for the same small pool of skilled workers at the same time.,engineering|practical-making,https://cdnm.heyzine.com/files/uploaded/v3/5c3373df5a7e7b084fb95834ddf4dc6ea6ddc469-3.pdf p.40
clean-energy,"36% of the energy and water workforce is over 50, adding replacement pressure on top of growth.",engineering|practical-making,https://cdnm.heyzine.com/files/uploaded/v3/5c3373df5a7e7b084fb95834ddf4dc6ea6ddc469-3.pdf p.38
life-sciences,Level 4-5 technician pathways into lab science and pharmaceutical manufacturing are underdeveloped.,scientific-method|practical-making|numeracy,"https://cdnm.heyzine.com/files/uploaded/v3/5c3373df5a7e7b084fb95834ddf4dc6ea6ddc469-3.pdf p.42, p.44"
life-sciences,"Employers rarely engage with schools and colleges, so students don't see non-graduate routes into the sector.",scientific-method|practical-making,https://cdnm.heyzine.com/files/uploaded/v3/5c3373df5a7e7b084fb95834ddf4dc6ea6ddc469-3.pdf p.44
life-sciences,"Colleges launched Lab Skills bootcamps, but too few employers show up to interview the graduates.",scientific-method|practical-making,https://cdnm.heyzine.com/files/uploaded/v3/5c3373df5a7e7b084fb95834ddf4dc6ea6ddc469-3.pdf p.44
construction-built-environment,"Apprenticeship completions run at only around 49%, so training starts aren't converting into site-ready workers.",practical-making|self-management,https://cdnm.heyzine.com/files/uploaded/v3/5c3373df5a7e7b084fb95834ddf4dc6ea6ddc469-3.pdf p.48
construction-built-environment,"Level 4+ apprenticeships make up just 10% of local construction enrolments, limiting supervisory pathways.",leadership|practical-making,https://cdnm.heyzine.com/files/uploaded/v3/5c3373df5a7e7b084fb95834ddf4dc6ea6ddc469-3.pdf p.48
construction-built-environment,"Over 95% of apprenticeship starts are male, showing construction still isn't reaching everyone it could.",practical-making,https://cdnm.heyzine.com/files/uploaded/v3/5c3373df5a7e7b084fb95834ddf4dc6ea6ddc469-3.pdf p.48
construction-built-environment,Retrofit work needs whole-house and quality-assurance skills that go beyond traditional trade training.,practical-making|law-ethics|sustainability,https://cdnm.heyzine.com/files/uploaded/v3/5c3373df5a7e7b084fb95834ddf4dc6ea6ddc469-3.pdf p.48
health-social-care,"Only around 31% of FE health and care enrolments turn into completed achievements, the lowest conversion of any sector.",self-management|care-empathy,https://cdnm.heyzine.com/files/uploaded/v3/5c3373df5a7e7b084fb95834ddf4dc6ea6ddc469-3.pdf p.52
health-social-care,Just 110 Level 4+ enrolments locally means a very thin pipeline for supervisors and registered managers.,leadership|care-empathy,"https://cdnm.heyzine.com/files/uploaded/v3/5c3373df5a7e7b084fb95834ddf4dc6ea6ddc469-3.pdf p.52, p.54"
health-social-care,"Registered managers are in such short supply that one care home paid a £16,000 agency fee for a single hire.",leadership|law-ethics|care-empathy,https://cdnm.heyzine.com/files/uploaded/v3/5c3373df5a7e7b084fb95834ddf4dc6ea6ddc469-3.pdf p.52
health-social-care,Only 19% of direct care workers hold a Level 2 relevant social care qualification.,care-empathy|self-management,https://cdnm.heyzine.com/files/uploaded/v3/5c3373df5a7e7b084fb95834ddf4dc6ea6ddc469-3.pdf p.52
