target,subjects,combinations,min,p10,p30,p50,p70,p90,max
cheshire-warrington,3,14190,15.7,34,40.5,45.4,50.5,58.3,72.9
cheshire-warrington,4,148995,19.4,40.7,47.5,52.1,56.9,63.7,79.2
cumbria,3,14190,14.1,30.5,37.5,42.4,48.4,56.5,70.6
cumbria,4,148995,17.2,37.2,44,49.2,54.9,62,78.9
greater-manchester,3,14190,18,35.8,41.6,45.9,50.5,57.8,73.7
greater-manchester,4,148995,21.2,41.8,47.7,52.1,56.8,63.2,79.9
lancashire,3,14190,16.9,32.8,38.7,43.6,48.7,56.2,76.7
lancashire,4,148995,17.4,38.5,45.1,49.7,54.6,61.3,83.3
liverpool-city-region,3,14190,18.4,36.8,43,47.4,52.2,59.4,72.4
liverpool-city-region,4,148995,21.5,43,49.3,53.9,58.6,64.9,78.5
national,3,14190,16.8,35.7,41.6,45.8,50.7,57.9,73.3
national,4,148995,20.1,41.9,47.8,52.2,57.1,63,79.9
