target,subjects,strong (all),strong (realistic),good (all),good (realistic),max shift
cheshire-warrington,3,50.7,51.1,41,41.7,0.7
cumbria,3,48.7,49.2,38.2,38.7,0.5
greater-manchester,3,48.4,49.1,39,39.4,0.7
lancashire,3,48.5,49,38.5,39,0.5
liverpool-city-region,3,52,52.6,42.5,43.4,0.9
national,3,50.7,51.1,41.4,41.9,0.5
cheshire-warrington,4,57.2,57.9,47.8,48.5,0.7
cumbria,4,55.4,56.2,44.6,45.6,1
greater-manchester,4,54.9,55.6,45.3,46,0.7
lancashire,4,54.4,55.1,44.9,45.6,0.8
liverpool-city-region,4,58.3,59,49.1,50,0.9
national,4,57,57.5,47.6,48.4,0.7
